Entity,Code,Day,New deaths (per 1M)
United States,USA,2020-03-01,0.00041828083
United States,USA,2020-03-02,0.00083656167
United States,USA,2020-03-03,0.00083656167
United States,USA,2020-03-04,0.0033462467
United States,USA,2020-03-05,0.0046010893
United States,USA,2020-03-06,0.0054376507
United States,USA,2020-03-07,0.0062742126
United States,USA,2020-03-08,0.007529055
United States,USA,2020-03-09,0.009202179
United States,USA,2020-03-10,0.010875301
United States,USA,2020-03-11,0.01003874
United States,USA,2020-03-12,0.011711863
United States,USA,2020-03-13,0.015894672
United States,USA,2020-03-14,0.017567795
United States,USA,2020-03-15,0.020914042
United States,USA,2020-03-16,0.024260288
United States,USA,2020-03-17,0.03011622
United States,USA,2020-03-18,0.037226994
United States,USA,2020-03-19,0.046010893
United States,USA,2020-03-20,0.067761496
United States,USA,2020-03-21,0.0936949
United States,USA,2020-03-22,0.12757565
United States,USA,2020-03-23,0.16898546
United States,USA,2020-03-24,0.21081354
United States,USA,2020-03-25,0.2706277
United States,USA,2020-03-26,0.34633654
United States,USA,2020-03-27,0.44546908
United States,USA,2020-03-28,0.5592415
United States,USA,2020-03-29,0.7244624
United States,USA,2020-03-30,0.9101791
United States,USA,2020-03-31,1.1389787
United States,USA,2020-04-01,1.3343159
United States,USA,2020-04-02,1.6576469
United States,USA,2020-04-03,2.0006373
United States,USA,2020-04-04,2.4063697
United States,USA,2020-04-05,2.7782214
United States,USA,2020-04-06,3.1898096
United States,USA,2020-04-07,3.695093
United States,USA,2020-04-08,4.1384706
United States,USA,2020-04-09,4.6031804
United States,USA,2020-04-10,5.0632896
United States,USA,2020-04-11,5.4476895
United States,USA,2020-04-12,5.8095026
United States,USA,2020-04-13,6.0822215
United States,USA,2020-04-14,6.075529
United States,USA,2020-04-15,6.165041
United States,USA,2020-04-16,6.3068385
United States,USA,2020-04-17,6.5201616
United States,USA,2020-04-18,6.610092
United States,USA,2020-04-19,6.6498284
United States,USA,2020-04-20,6.50594
United States,USA,2020-04-21,6.562826
United States,USA,2020-04-22,6.6347704
United States,USA,2020-04-23,6.735576
United States,USA,2020-04-24,6.522253
United States,USA,2020-04-25,6.3294253
United States,USA,2020-04-26,6.231966
United States,USA,2020-04-27,6.2503705
United States,USA,2020-04-28,6.058798
United States,USA,2020-04-29,5.8128486
United States,USA,2020-04-30,5.577775
United States,USA,2020-05-01,5.659758
United States,USA,2020-05-02,5.766001
United States,USA,2020-05-03,5.703259
United States,USA,2020-05-04,5.5848856
United States,USA,2020-05-05,5.5334373
United States,USA,2020-05-06,5.4422517
United States,USA,2020-05-07,5.577357
United States,USA,2020-05-08,5.545567
United States,USA,2020-05-09,5.45982
United States,USA,2020-05-10,5.3364267
United States,USA,2020-05-11,5.28707
United States,USA,2020-05-12,5.1452727
United States,USA,2020-05-13,5.04614
United States,USA,2020-05-14,4.669269
United States,USA,2020-05-15,4.3204226
United States,USA,2020-05-16,4.2827773
United States,USA,2020-05-17,4.237185
United States,USA,2020-05-18,4.1317782
United States,USA,2020-05-19,4.070709
United States,USA,2020-05-20,4.0339003
United States,USA,2020-05-21,3.885829
United States,USA,2020-05-22,3.8301976
United States,USA,2020-05-23,3.4704762
United States,USA,2020-05-24,3.5796473
United States,USA,2020-05-25,3.4533265
United States,USA,2020-05-26,3.3951855
United States,USA,2020-05-27,3.2868507
United States,USA,2020-05-28,3.1329234
United States,USA,2020-05-29,3.0956964
United States,USA,2020-05-30,3.1659677
United States,USA,2020-05-31,2.8484924
United States,USA,2020-06-01,2.8355258
United States,USA,2020-06-02,2.7874234
United States,USA,2020-06-03,2.7890966
United States,USA,2020-06-04,2.8405452
United States,USA,2020-06-05,2.7305372
United States,USA,2020-06-06,2.5774465
United States,USA,2020-06-07,2.5042474
United States,USA,2020-06-08,2.405115
United States,USA,2020-06-09,2.3716524
United States,USA,2020-06-10,2.4072063
United States,USA,2020-06-11,2.3624501
United States,USA,2020-06-12,2.3038907
United States,USA,2020-06-13,2.3051457
United States,USA,2020-06-14,2.2461681
United States,USA,2020-06-15,2.2528605
United States,USA,2020-06-16,2.2093594
United States,USA,2020-06-17,2.1043708
United States,USA,2020-06-18,2.0403738
United States,USA,2020-06-19,1.9575543
United States,USA,2020-06-20,1.8550755
United States,USA,2020-06-21,1.8634411
United States,USA,2020-06-22,1.8178484
United States,USA,2020-06-23,1.7860591
United States,USA,2020-06-24,1.7400483
United States,USA,2020-06-25,1.7701645
United States,USA,2020-06-26,1.7735107
United States,USA,2020-06-27,2.5640614
United States,USA,2020-06-28,2.5435658
United States,USA,2020-06-29,2.5506766
United States,USA,2020-06-30,2.5615518
United States,USA,2020-07-01,2.5807927
United States,USA,2020-07-02,2.5456572
United States,USA,2020-07-03,2.5833025
United States,USA,2020-07-04,1.8182667
United States,USA,2020-07-05,1.861768
United States,USA,2020-07-06,1.8391808
United States,USA,2020-07-07,1.8479648
United States,USA,2020-07-08,1.9052691
United States,USA,2020-07-09,2.016532
United States,USA,2020-07-10,2.1407614
United States,USA,2020-07-11,2.2482595
United States,USA,2020-07-12,2.3126748
United States,USA,2020-07-13,2.459073
United States,USA,2020-07-14,2.6180198
United States,USA,2020-07-15,2.673651
United States,USA,2020-07-16,2.6677952
United States,USA,2020-07-17,2.6857812
United States,USA,2020-07-18,2.7393212
United States,USA,2020-07-19,2.78826
United States,USA,2020-07-20,2.8367805
United States,USA,2020-07-21,2.8752625
United States,USA,2020-07-22,2.9321487
United States,USA,2020-07-23,3.0488489
United States,USA,2020-07-24,3.0777104
United States,USA,2020-07-25,3.1467266
United States,USA,2020-07-26,3.2316377
United States,USA,2020-07-27,3.291452
United States,USA,2020-07-28,3.2993991
United States,USA,2020-07-29,3.3282607
United States,USA,2020-07-30,3.3157122
United States,USA,2020-07-31,3.3106928
United States,USA,2020-08-01,3.3717618
United States,USA,2020-08-02,3.4073157
United States,USA,2020-08-03,3.4140081
United States,USA,2020-08-04,3.401878
United States,USA,2020-08-05,3.3671608
United States,USA,2020-08-06,3.329097
United States,USA,2020-08-07,3.362978
United States,USA,2020-08-08,3.283923
United States,USA,2020-08-09,3.2621722
United States,USA,2020-08-10,3.2115602
United States,USA,2020-08-11,3.202358
United States,USA,2020-08-12,3.1780977
United States,USA,2020-08-13,3.188973
United States,USA,2020-08-14,3.2165797
United States,USA,2020-08-15,3.209887
United States,USA,2020-08-16,3.0969512
United States,USA,2020-08-17,3.0588877
United States,USA,2020-08-18,3.0542867
United States,USA,2020-08-19,2.9881983
United States,USA,2020-08-20,2.9170904
United States,USA,2020-08-21,2.8911572
United States,USA,2020-08-22,2.8095922
United States,USA,2020-08-23,2.7928612
United States,USA,2020-08-24,2.8154483
United States,USA,2020-08-25,2.7932794
United States,USA,2020-08-26,2.7711105
United States,USA,2020-08-27,2.751033
United States,USA,2020-08-28,2.6665404
United States,USA,2020-08-29,2.6414435
United States,USA,2020-08-30,2.6531553
United States,USA,2020-08-31,2.5833025
United States,USA,2020-09-01,2.533527
United States,USA,2020-09-02,2.5205603
United States,USA,2020-09-03,2.5121946
United States,USA,2020-09-04,2.4377408
United States,USA,2020-09-05,2.441087
United States,USA,2020-09-06,2.3862922
United States,USA,2020-09-07,2.3703976
United States,USA,2020-09-08,2.3570125
United States,USA,2020-09-09,2.3001263
United States,USA,2020-09-10,2.171714
United States,USA,2020-09-11,2.1474538
United States,USA,2020-09-12,2.0989332
United States,USA,2020-09-13,2.0817838
United States,USA,2020-09-14,2.0236428
United States,USA,2020-09-15,2.0382824
United States,USA,2020-09-16,2.014022
United States,USA,2020-09-17,2.117756
United States,USA,2020-09-18,2.2319465
United States,USA,2020-09-19,2.1901186
United States,USA,2020-09-20,2.1650217
United States,USA,2020-09-21,2.1700408
United States,USA,2020-09-22,2.0713267
United States,USA,2020-09-23,2.1457806
United States,USA,2020-09-24,2.086803
United States,USA,2020-09-25,2.00482
United States,USA,2020-09-26,2.0081663
United States,USA,2020-09-27,1.9977093
United States,USA,2020-09-28,1.9935265
United States,USA,2020-09-29,2.0010555
United States,USA,2020-09-30,1.943751
United States,USA,2020-10-01,2.0002189
United States,USA,2020-10-02,1.909452
United States,USA,2020-10-03,1.9065241
United States,USA,2020-10-04,1.9604822
United States,USA,2020-10-05,1.9190725
United States,USA,2020-10-06,1.9592274
United States,USA,2020-10-07,2.0044017
United States,USA,2020-10-08,1.9374769
United States,USA,2020-10-09,1.9776318
United States,USA,2020-10-10,1.9784683
United States,USA,2020-10-11,1.930366
United States,USA,2020-10-12,1.9788866
United States,USA,2020-10-13,1.9684296
United States,USA,2020-10-14,1.9638286
United States,USA,2020-10-15,1.9709393
United States,USA,2020-10-16,1.9872522
United States,USA,2020-10-17,1.9713576
United States,USA,2020-10-18,2.0081663
United States,USA,2020-10-19,2.0131857
United States,USA,2020-10-20,2.0801105
United States,USA,2020-10-21,2.128213
United States,USA,2020-10-22,2.186354
United States,USA,2020-10-23,2.2859046
United States,USA,2020-10-24,2.3775082
United States,USA,2020-10-25,2.3938212
United States,USA,2020-10-26,2.4536355
United States,USA,2020-10-27,2.3984222
United States,USA,2020-10-28,2.427702
United States,USA,2020-10-29,2.4716215
United States,USA,2020-10-30,2.4732945
United States,USA,2020-10-31,2.554441
United States,USA,2020-11-01,2.54984
United States,USA,2020-11-02,2.5941777
United States,USA,2020-11-03,2.6389337
United States,USA,2020-11-04,2.6623576
United States,USA,2020-11-05,2.7188253
United States,USA,2020-11-06,2.8171215
United States,USA,2020-11-07,2.8660603
United States,USA,2020-11-08,3.0132952
United States,USA,2020-11-09,3.077292
United States,USA,2020-11-10,3.150073
United States,USA,2020-11-11,3.230383
United States,USA,2020-11-12,3.4993374
United States,USA,2020-11-13,3.5913591
United States,USA,2020-11-14,3.641553
United States,USA,2020-11-15,3.646154
United States,USA,2020-11-16,3.803846
United States,USA,2020-11-17,3.8644967
United States,USA,2020-11-18,3.9013054
United States,USA,2020-11-19,3.866588
United States,USA,2020-11-20,3.9983466
United States,USA,2020-11-21,4.2380214
United States,USA,2020-11-22,4.525799
United States,USA,2020-11-23,4.6312056
United States,USA,2020-11-24,4.7466507
United States,USA,2020-11-25,4.911872
United States,USA,2020-11-26,5.0365195
United States,USA,2020-11-27,5.2272553
United States,USA,2020-11-28,5.1243587
United States,USA,2020-11-29,4.998456
United States,USA,2020-11-30,4.907271
United States,USA,2020-12-01,4.8980684
United States,USA,2020-12-02,4.9537
United States,USA,2020-12-03,5.1586576
United States,USA,2020-12-04,5.353995
United States,USA,2020-12-05,5.799882
United States,USA,2020-12-06,6.1909747
United States,USA,2020-12-07,6.5548787
United States,USA,2020-12-08,6.683291
United States,USA,2020-12-09,6.861897
United States,USA,2020-12-10,6.938024
United States,USA,2020-12-11,7.1751895
United States,USA,2020-12-12,7.1605496
United States,USA,2020-12-13,7.4094267
United States,USA,2020-12-14,7.436197
United States,USA,2020-12-15,7.624005
United States,USA,2020-12-16,7.6164756
United States,USA,2020-12-17,7.698877
United States,USA,2020-12-18,7.7264833
United States,USA,2020-12-19,7.9912553
United States,USA,2020-12-20,7.8912864
United States,USA,2020-12-21,8.0113325
United States,USA,2020-12-22,8.033502
United States,USA,2020-12-23,8.106282
United States,USA,2020-12-24,8.161914
United States,USA,2020-12-25,8.098754
United States,USA,2020-12-26,7.9661584
United States,USA,2020-12-27,7.6683426
United States,USA,2020-12-28,7.217854
United States,USA,2020-12-29,7.1396356
United States,USA,2020-12-30,7.160968
United States,USA,2020-12-31,7.353377
United States,USA,2021-01-01,7.5729747
United States,USA,2021-01-02,7.8795743
United States,USA,2021-01-03,8.219218
United States,USA,2021-01-04,8.526237
United States,USA,2021-01-05,8.585214
United States,USA,2021-01-06,8.522054
United States,USA,2021-01-07,8.582705
United States,USA,2021-01-08,8.621186
United States,USA,2021-01-09,8.714881
United States,USA,2021-01-10,8.991783
United States,USA,2021-01-11,9.421357
United States,USA,2021-01-12,9.635099
United States,USA,2021-01-13,9.846331
United States,USA,2021-01-14,9.889832
United States,USA,2021-01-15,9.978089
United States,USA,2021-01-16,9.88774
United States,USA,2021-01-17,9.750963
United States,USA,2021-01-18,9.808685
United States,USA,2021-01-19,9.827508
United States,USA,2021-01-20,9.708716
United States,USA,2021-01-21,9.348158
United States,USA,2021-01-22,9.247771
United States,USA,2021-01-23,9.285834
United States,USA,2021-01-24,9.409227
United States,USA,2021-01-25,9.210126
United States,USA,2021-01-26,9.158677
United States,USA,2021-01-27,9.069583
United States,USA,2021-01-28,9.420103
United States,USA,2021-01-29,9.47197
United States,USA,2021-01-30,9.47908
United States,USA,2021-01-31,9.306331
United States,USA,2021-02-01,9.203433
United States,USA,2021-02-02,9.125633
United States,USA,2021-02-03,9.205943
United States,USA,2021-02-04,8.942844
United States,USA,2021-02-05,8.662596
United States,USA,2021-02-06,8.351813
United States,USA,2021-02-07,8.407445
United States,USA,2021-02-08,8.397406
United States,USA,2021-02-09,8.1799
United States,USA,2021-02-10,7.9452443
United States,USA,2021-02-11,7.7457247
United States,USA,2021-02-12,7.5503874
United States,USA,2021-02-13,7.6026726
United States,USA,2021-02-14,8.297855
United States,USA,2021-02-15,8.512433
United States,USA,2021-02-16,8.429195
United States,USA,2021-02-17,8.311659
United States,USA,2021-02-18,7.867026
United States,USA,2021-02-19,7.6026726
United States,USA,2021-02-20,7.1823
United States,USA,2021-02-21,6.036629
United States,USA,2021-02-22,5.418828
United States,USA,2021-02-23,5.399169
United States,USA,2021-02-24,5.440997
United States,USA,2021-02-25,5.5710826
United States,USA,2021-02-26,5.4849167
United States,USA,2021-02-27,5.7371397
United States,USA,2021-02-28,5.588232
United States,USA,2021-03-01,5.5024843
United States,USA,2021-03-02,5.293762
United States,USA,2021-03-03,5.225164
United States,USA,2021-03-04,4.9783783
United States,USA,2021-03-05,4.9453344
United States,USA,2021-03-06,4.3869295
United States,USA,2021-03-07,4.3693614
United States,USA,2021-03-08,4.2200356
United States,USA,2021-03-09,4.1652403
United States,USA,2021-03-10,3.9473162
United States,USA,2021-03-11,3.9778507
United States,USA,2021-03-12,3.8440008
United States,USA,2021-03-13,3.7611814
United States,USA,2021-03-14,3.5800657
United States,USA,2021-03-15,3.446634
United States,USA,2021-03-16,3.3445735
United States,USA,2021-03-17,3.298981
United States,USA,2021-03-18,3.1534193
United States,USA,2021-03-19,2.9438605
United States,USA,2021-03-20,2.7928612
United States,USA,2021-03-21,2.6201112
United States,USA,2021-03-22,2.5197237
United States,USA,2021-03-23,2.478732
United States,USA,2021-03-24,2.581211
United States,USA,2021-03-25,2.539383
United States,USA,2021-03-26,2.5607152
United States,USA,2021-03-27,2.5711722
United States,USA,2021-03-28,2.5561142
United States,USA,2021-03-29,2.6117456
United States,USA,2021-03-30,2.6389337
United States,USA,2021-03-31,2.4758043
United States,USA,2021-04-01,2.4657655
United States,USA,2021-04-02,2.3913114
United States,USA,2021-04-03,2.3222952
United States,USA,2021-04-04,2.238639
United States,USA,2021-04-05,2.178825
United States,USA,2021-04-06,2.1428528
United States,USA,2021-04-07,2.0650525
United States,USA,2021-04-08,2.0734181
United States,USA,2021-04-09,2.0202963
United States,USA,2021-04-10,2.0416288
United States,USA,2021-04-11,2.0508308
United States,USA,2021-04-12,2.064216
United States,USA,2021-04-13,2.037446
United States,USA,2021-04-14,2.108972
United States,USA,2021-04-15,2.1098084
United States,USA,2021-04-16,2.0934956
United States,USA,2021-04-17,2.062961
United States,USA,2021-04-18,2.039119
United States,USA,2021-04-19,1.9918534
United States,USA,2021-04-20,2.00482
United States,USA,2021-04-21,1.9755404
United States,USA,2021-04-22,1.973449
United States,USA,2021-04-23,1.9671748
United States,USA,2021-04-24,1.962992
United States,USA,2021-04-25,1.9747038
United States,USA,2021-04-26,1.9859974
United States,USA,2021-04-27,1.9592274
United States,USA,2021-04-28,1.9609005
United States,USA,2021-04-29,1.8772444
United States,USA,2021-04-30,1.9044327
United States,USA,2021-05-01,1.8914659
United States,USA,2021-05-02,1.8793358
United States,USA,2021-05-03,1.8634411
United States,USA,2021-05-04,1.8906294
United States,USA,2021-05-05,1.8918842
United States,USA,2021-05-06,1.9454242
United States,USA,2021-05-07,1.896067
United States,USA,2021-05-08,1.861768
United States,USA,2021-05-09,1.861768
United States,USA,2021-05-10,1.85884
United States,USA,2021-05-11,1.8203582
United States,USA,2021-05-12,1.7889872
United States,USA,2021-05-13,1.7571977
United States,USA,2021-05-14,1.742558
United States,USA,2021-05-15,1.7057493
United States,USA,2021-05-16,1.6618297
United States,USA,2021-05-17,1.5919769
United States,USA,2021-05-18,1.604107
United States,USA,2021-05-19,1.5903038
United States,USA,2021-05-20,1.5953231
United States,USA,2021-05-21,1.5551682
United States,USA,2021-05-22,1.5376004
United States,USA,2021-05-23,1.5158497
United States,USA,2021-05-24,1.5020465
United States,USA,2021-05-25,1.4393044
United States,USA,2021-05-26,1.5200325
United States,USA,2021-05-27,1.4815507
United States,USA,2021-05-28,1.4539442
United States,USA,2021-05-29,1.4556173
United States,USA,2021-05-30,1.4782045
United States,USA,2021-05-31,1.4330301
United States,USA,2021-06-01,1.4192269
United States,USA,2021-06-02,1.2841221
United States,USA,2021-06-03,1.206322
United States,USA,2021-06-04,1.1958649
United States,USA,2021-06-05,1.1678401
United States,USA,2021-06-06,1.1189013
United States,USA,2021-06-07,1.1578014
United States,USA,2021-06-08,1.2284908
United States,USA,2021-06-09,1.266136
United States,USA,2021-06-10,1.2581887
United States,USA,2021-06-11,1.2142693
United States,USA,2021-06-12,1.1741143
United States,USA,2021-06-13,1.0975689
United States,USA,2021-06-14,1.0197687
United States,USA,2021-06-15,0.90641457
United States,USA,2021-06-16,0.85496604
United States,USA,2021-06-17,0.85622084
United States,USA,2021-06-18,0.8348885
United States,USA,2021-06-19,0.7918056
United States,USA,2021-06-20,0.73701084
United States,USA,2021-06-21,0.7549969
United States,USA,2021-06-22,0.78469485
United States,USA,2021-06-23,0.81271964
United States,USA,2021-06-24,0.80937344
United States,USA,2021-06-25,0.8051906
United States,USA,2021-06-26,0.8202487
United States,USA,2021-06-27,0.878808
United States,USA,2021-06-28,0.8750435
United States,USA,2021-06-29,0.85412943
United States,USA,2021-06-30,0.8194122
United States,USA,2021-07-01,0.8085368
United States,USA,2021-07-02,0.7742378
United States,USA,2021-07-03,0.7633625
United States,USA,2021-07-04,0.71818817
United States,USA,2021-07-05,0.6805429
United States,USA,2021-07-06,0.6604654
United States,USA,2021-07-07,0.62700295
United States,USA,2021-07-08,0.6349503
United States,USA,2021-07-09,0.63746
United States,USA,2021-07-10,0.6261664
United States,USA,2021-07-11,0.63118577
United States,USA,2021-07-12,0.6299309
United States,USA,2021-07-13,0.62742126
United States,USA,2021-07-14,0.7077312
United States,USA,2021-07-15,0.7227893
United States,USA,2021-07-16,0.7612711
United States,USA,2021-07-17,0.7851131
United States,USA,2021-07-18,0.8077003
United States,USA,2021-07-19,0.8219218
United States,USA,2021-07-20,0.8332154
United States,USA,2021-07-21,0.82861435
United States,USA,2021-07-22,0.8215036
United States,USA,2021-07-23,0.84534556
United States,USA,2021-07-24,0.8532929
United States,USA,2021-07-25,0.87169725
United States,USA,2021-07-26,0.9013952
United States,USA,2021-07-27,0.9444781
United States,USA,2021-07-28,0.9975998
United States,USA,2021-07-29,1.0724721
United States,USA,2021-07-30,1.1122087
United States,USA,2021-07-31,1.1778789
United States,USA,2021-08-01,1.224308
United States,USA,2021-08-02,1.2832856
United States,USA,2021-08-03,1.3338976
United States,USA,2021-08-04,1.4363763
United States,USA,2021-08-05,1.5204508
United States,USA,2021-08-06,1.6237662
United States,USA,2021-08-07,1.7316827
United States,USA,2021-08-08,1.8626045
United States,USA,2021-08-09,1.9684296
United States,USA,2021-08-10,2.0340996
United States,USA,2021-08-11,2.0608697
United States,USA,2021-08-12,2.1700408
United States,USA,2021-08-13,2.1160827
United States,USA,2021-08-14,2.2081046
United States,USA,2021-08-15,2.3578491
United States,USA,2021-08-16,2.4649289
United States,USA,2021-08-17,2.5285077
United States,USA,2021-08-18,2.5807927
United States,USA,2021-08-19,2.6778338
United States,USA,2021-08-20,3.0480125
United States,USA,2021-08-21,3.218671
United States,USA,2021-08-22,3.3692522
United States,USA,2021-08-23,3.4800966
United States,USA,2021-08-24,3.5721183
United States,USA,2021-08-25,3.7226994
United States,USA,2021-08-26,3.915945
United States,USA,2021-08-27,3.9832883
United States,USA,2021-08-28,4.1418166
United States,USA,2021-08-29,4.2593536
United States,USA,2021-08-30,4.3810735
United States,USA,2021-08-31,4.499865
United States,USA,2021-09-01,4.51576
United States,USA,2021-09-02,4.5793386
United States,USA,2021-09-03,4.728665
United States,USA,2021-09-04,4.840764
United States,USA,2021-09-05,4.8976502
United States,USA,2021-09-06,4.9101987
United States,USA,2021-09-07,4.9691763
United States,USA,2021-09-08,4.906016
United States,USA,2021-09-09,4.7868056
United States,USA,2021-09-10,4.830307
United States,USA,2021-09-11,4.921492
United States,USA,2021-09-12,5.054924
United States,USA,2021-09-13,5.1590757
United States,USA,2021-09-14,5.0821123
United States,USA,2021-09-15,5.190865
United States,USA,2021-09-16,5.5635533
United States,USA,2021-09-17,5.7225
United States,USA,2021-09-18,5.6647773
United States,USA,2021-09-19,5.6844363
United States,USA,2021-09-20,5.6216946
United States,USA,2021-09-21,5.6442814
United States,USA,2021-09-22,5.6509743
United States,USA,2021-09-23,5.622531
United States,USA,2021-09-24,5.560207
United States,USA,2021-09-25,5.545567
United States,USA,2021-09-26,5.598271
United States,USA,2021-09-27,5.5338554
United States,USA,2021-09-28,5.460656
United States,USA,2021-09-29,5.7070236
United States,USA,2021-09-30,5.62755
United States,USA,2021-10-01,5.586977
United States,USA,2021-10-02,5.540548
United States,USA,2021-10-03,5.4343047
United States,USA,2021-10-04,5.372399
United States,USA,2021-10-05,5.3401914
United States,USA,2021-10-06,5.0888047
United States,USA,2021-10-07,5.0469766
United States,USA,2021-10-08,4.9633203
United States,USA,2021-10-09,4.8696256
United States,USA,2021-10-10,4.887193
United States,USA,2021-10-11,4.788479
United States,USA,2021-10-12,4.8181767
United States,USA,2021-10-13,4.6793075
United States,USA,2021-10-14,4.62033
United States,USA,2021-10-15,4.533746
United States,USA,2021-10-16,4.4659843
United States,USA,2021-10-17,4.3760543
United States,USA,2021-10-18,4.3095474
United States,USA,2021-10-19,4.176534
United States,USA,2021-10-20,4.722809
United States,USA,2021-10-21,4.6956205
United States,USA,2021-10-22,4.693529
United States,USA,2021-10-23,4.6713605
United States,USA,2021-10-24,4.6391525
United States,USA,2021-10-25,4.539602
United States,USA,2021-10-26,4.39404
United States,USA,2021-10-27,3.850275
United States,USA,2021-10-28,3.9351861
United States,USA,2021-10-29,3.9033966
United States,USA,2021-10-30,3.8004997
United States,USA,2021-10-31,3.7289736
United States,USA,2021-11-01,3.6448991
United States,USA,2021-11-02,3.6260765
United States,USA,2021-11-03,3.695511
United States,USA,2021-11-04,3.443706
United States,USA,2021-11-05,3.202358
United States,USA,2021-11-06,3.1718235
United States,USA,2021-11-07,3.098206
United States,USA,2021-11-08,3.1078265
United States,USA,2021-11-09,3.0885856
United States,USA,2021-11-10,3.0739458
United States,USA,2021-11-11,3.1312504
United States,USA,2021-11-12,3.1969204
United States,USA,2021-11-13,3.0990427
United States,USA,2021-11-14,3.1492364
United States,USA,2021-11-15,3.1776795
United States,USA,2021-11-16,3.1613665
United States,USA,2021-11-17,3.1274858
United States,USA,2021-11-18,3.0760372
United States,USA,2021-11-19,3.1166105
United States,USA,2021-11-20,4.32837
United States,USA,2021-11-21,4.298254
United States,USA,2021-11-22,4.227146
United States,USA,2021-11-23,4.210415
United States,USA,2021-11-24,4.250988
United States,USA,2021-11-25,4.291143
United States,USA,2021-11-26,4.2627
United States,USA,2021-11-27,2.8397086
United States,USA,2021-11-28,2.380018
United States,USA,2021-11-29,2.313093
United States,USA,2021-11-30,2.3197856
United States,USA,2021-12-01,2.52307
United States,USA,2021-12-02,2.5490034
United States,USA,2021-12-03,2.6966565
United States,USA,2021-12-04,3.0224972
United States,USA,2021-12-05,3.473404
United States,USA,2021-12-06,3.6231487
United States,USA,2021-12-07,3.6599572
United States,USA,2021-12-08,3.503102
United States,USA,2021-12-09,3.590941
United States,USA,2021-12-10,3.4876256
United States,USA,2021-12-11,3.4533265
United States,USA,2021-12-12,3.5913591
United States,USA,2021-12-13,3.5570602
United States,USA,2021-12-14,3.5675173
United States,USA,2021-12-15,3.577556
United States,USA,2021-12-16,3.6093452
United States,USA,2021-12-17,3.7850232
United States,USA,2021-12-18,3.765364
United States,USA,2021-12-19,3.7917159
United States,USA,2021-12-20,3.8335438
United States,USA,2021-12-21,3.8251781
United States,USA,2021-12-22,3.8900118
United States,USA,2021-12-23,4.0368285
United States,USA,2021-12-24,4.017587
United States,USA,2021-12-25,4.8800826
United States,USA,2021-12-26,4.6015077
United States,USA,2021-12-27,4.464311
United States,USA,2021-12-28,4.4559455
United States,USA,2021-12-29,4.5893774
United States,USA,2021-12-30,4.6194935
United States,USA,2021-12-31,4.606527
United States,USA,2022-01-01,3.8356352
United States,USA,2022-01-02,3.8255966
United States,USA,2022-01-03,3.8958676
United States,USA,2022-01-04,3.941042
United States,USA,2022-01-05,3.893358
United States,USA,2022-01-06,4.106263
United States,USA,2022-01-07,4.1158834
United States,USA,2022-01-08,4.4312673
United States,USA,2022-01-09,4.900578
United States,USA,2022-01-10,5.0842037
United States,USA,2022-01-11,5.2201447
United States,USA,2022-01-12,5.3414464
United States,USA,2022-01-13,5.4874263
United States,USA,2022-01-14,5.7526164
United States,USA,2022-01-15,5.79068
United States,USA,2022-01-16,6.0148783
United States,USA,2022-01-17,6.22862
United States,USA,2022-01-18,6.3014007
United States,USA,2022-01-19,6.0884957
United States,USA,2022-01-20,5.8596964
United States,USA,2022-01-21,6.185537
United States,USA,2022-01-22,6.4875355
United States,USA,2022-01-23,6.821324
United States,USA,2022-01-24,6.7535625
United States,USA,2022-01-25,6.7899528
United States,USA,2022-01-26,7.3466845
United States,USA,2022-01-27,7.7181177
United States,USA,2022-01-28,7.78086
United States,USA,2022-01-29,7.7796054
United States,USA,2022-01-30,7.6976223
United States,USA,2022-01-31,7.82227
United States,USA,2022-02-01,7.80763
United States,USA,2022-02-02,7.8055387
United States,USA,2022-02-03,8.03392
United States,USA,2022-02-04,7.954028
United States,USA,2022-02-05,7.877483
United States,USA,2022-02-06,7.802611
United States,USA,2022-02-07,7.6930213
United States,USA,2022-02-08,7.604764
United States,USA,2022-02-09,7.8231063
United States,USA,2022-02-10,7.709334
United States,USA,2022-02-11,7.62024
United States,USA,2022-02-12,7.563354
United States,USA,2022-02-13,7.3408284
United States,USA,2022-02-14,7.2216187
United States,USA,2022-02-15,7.227056
United States,USA,2022-02-16,7.08986
United States,USA,2022-02-17,6.908326
United States,USA,2022-02-18,6.7840967
United States,USA,2022-02-19,6.674089
United States,USA,2022-02-20,6.429813
United States,USA,2022-02-21,6.323988
United States,USA,2022-02-22,6.2658467
United States,USA,2022-02-23,5.482407
United States,USA,2022-02-24,5.4330497
United States,USA,2022-02-25,5.3924766
United States,USA,2022-02-26,5.464421
United States,USA,2022-02-27,5.4568915
United States,USA,2022-02-28,5.3983326
United States,USA,2022-03-01,5.302964
United States,USA,2022-03-02,5.805738
United States,USA,2022-03-03,5.2699203
United States,USA,2022-03-04,4.820268
United States,USA,2022-03-05,4.3501205
United States,USA,2022-03-06,4.048122
United States,USA,2022-03-07,3.9418786
United States,USA,2022-03-08,3.9448066
United States,USA,2022-03-09,3.6218936
United States,USA,2022-03-10,3.5231795
United States,USA,2022-03-11,3.6992757
United States,USA,2022-03-12,3.654938
United States,USA,2022-03-13,3.5997248
United States,USA,2022-03-14,3.6766884
United States,USA,2022-03-15,3.6047442
United States,USA,2022-03-16,3.4589036
United States,USA,2022-03-17,3.3164093
United States,USA,2022-03-18,3.093396
United States,USA,2022-03-19,2.999701
United States,USA,2022-03-20,2.7727835
United States,USA,2022-03-21,2.6234574
United States,USA,2022-03-22,2.6014977
United States,USA,2022-03-23,2.5598786
United States,USA,2022-03-24,2.3482287
United States,USA,2022-03-25,2.2411487
United States,USA,2022-03-26,2.1696227
United States,USA,2022-03-27,2.0876396
United States,USA,2022-03-28,2.079274
United States,USA,2022-03-29,2.0562685
United States,USA,2022-03-30,2.0131857
United States,USA,2022-03-31,1.927438
United States,USA,2022-04-01,1.8977401
United States,USA,2022-04-02,1.8178484
United States,USA,2022-04-03,1.7450676
United States,USA,2022-04-04,1.7316827
United States,USA,2022-04-05,1.7408848
United States,USA,2022-04-06,1.5886306
United States,USA,2022-04-07,1.5016282
United States,USA,2022-04-08,1.4058418
United States,USA,2022-04-09,1.3301331
United States,USA,2022-04-10,1.4501797
United States,USA,2022-04-11,1.4472517
United States,USA,2022-04-12,1.4271742
United States,USA,2022-04-13,1.4275925
United States,USA,2022-04-14,1.5150132
United States,USA,2022-04-15,1.3723794
United States,USA,2022-04-16,1.4505979
United States,USA,2022-04-17,1.306291
United States,USA,2022-04-18,1.2678092
United States,USA,2022-04-19,1.2627898
United States,USA,2022-04-20,1.2807759
United States,USA,2022-04-21,1.152782
United States,USA,2022-04-22,1.1293583
United States,USA,2022-04-23,1.1063528
United States,USA,2022-04-24,1.0218601
United States,USA,2022-04-25,1.0314806
United States,USA,2022-04-26,1.0331537
United States,USA,2022-04-27,0.9708298
United States,USA,2022-04-28,0.9528437
United States,USA,2022-04-29,1.0289708
United States,USA,2022-04-30,0.87546176
United States,USA,2022-05-01,0.9377856
United States,USA,2022-05-02,0.9453147
United States,USA,2022-05-03,0.9754309
United States,USA,2022-05-04,0.9599545
United States,USA,2022-05-05,1.0703807
United States,USA,2022-05-06,1.1017517
United States,USA,2022-05-07,1.1067711
United States,USA,2022-05-08,1.1046797
United States,USA,2022-05-09,1.0925496
United States,USA,2022-05-10,1.0632699
United States,USA,2022-05-11,1.0670344
United States,USA,2022-05-12,0.9603728
United States,USA,2022-05-13,0.86082196
United States,USA,2022-05-14,0.84492725
United States,USA,2022-05-15,0.82234013
United States,USA,2022-05-16,0.82986915
United States,USA,2022-05-17,0.831124
United States,USA,2022-05-18,0.8486918
United States,USA,2022-05-19,0.8382348
United States,USA,2022-05-20,0.85496604
United States,USA,2022-05-21,0.8507832
United States,USA,2022-05-22,0.8704424
United States,USA,2022-05-23,0.8779715
United States,USA,2022-05-24,0.8783898
United States,USA,2022-05-25,0.94405985
United States,USA,2022-05-26,0.98714274
United States,USA,2022-05-27,1.0260429
United States,USA,2022-05-28,1.0574139
United States,USA,2022-05-29,1.0996603
United States,USA,2022-05-30,1.0954775
United States,USA,2022-05-31,1.091713
United States,USA,2022-06-01,0.9620459
United States,USA,2022-06-02,0.9181264
United States,USA,2022-06-03,0.8662596
United States,USA,2022-06-04,0.87755316
United States,USA,2022-06-05,0.82777774
United States,USA,2022-06-06,0.82777774
United States,USA,2022-06-07,0.85663915
United States,USA,2022-06-08,0.94824266
United States,USA,2022-06-09,0.9942535
United States,USA,2022-06-10,1.0222783
United States,USA,2022-06-11,0.9846331
United States,USA,2022-06-12,0.95535344
United States,USA,2022-06-13,0.9791954
United States,USA,2022-06-14,0.9641373
United States,USA,2022-06-15,0.95953625
United States,USA,2022-06-16,0.9356942
United States,USA,2022-06-17,0.9051597
United States,USA,2022-06-18,0.9206361
United States,USA,2022-06-19,0.92105436
United States,USA,2022-06-20,0.9009769
United States,USA,2022-06-21,0.9110156
United States,USA,2022-06-22,0.8499467
United States,USA,2022-06-23,0.88926506
United States,USA,2022-06-24,0.9126888
United States,USA,2022-06-25,0.9925804
United States,USA,2022-06-26,1.0461204
United States,USA,2022-06-27,1.0507214
United States,USA,2022-06-28,1.0344085
United States,USA,2022-06-29,1.082929
United States,USA,2022-06-30,1.1297765
United States,USA,2022-07-01,1.1004969
United States,USA,2022-07-02,1.0938044
United States,USA,2022-07-03,1.105098
United States,USA,2022-07-04,1.1180646
United States,USA,2022-07-05,1.1226658
United States,USA,2022-07-06,1.0653613
United States,USA,2022-07-07,1.0001094
United States,USA,2022-07-08,1.0193504
United States,USA,2022-07-09,1.0256246
United States,USA,2022-07-10,1.0264611
United States,USA,2022-07-11,1.0130762
United States,USA,2022-07-12,1.0231149
United States,USA,2022-07-13,1.0900398
United States,USA,2022-07-14,1.1661669
United States,USA,2022-07-15,1.2121779
United States,USA,2022-07-16,1.1971197
United States,USA,2022-07-17,1.1649121
United States,USA,2022-07-18,1.1849896
United States,USA,2022-07-19,1.210923
United States,USA,2022-07-20,1.2410393
United States,USA,2022-07-21,1.2636263
United States,USA,2022-07-22,1.2485683
United States,USA,2022-07-23,1.2648813
United States,USA,2022-07-24,1.333061
United States,USA,2022-07-25,1.3351524
United States,USA,2022-07-26,1.3351524
United States,USA,2022-07-27,1.3150749
United States,USA,2022-07-28,1.2841221
United States,USA,2022-07-29,1.292906
United States,USA,2022-07-30,1.3037814
United States,USA,2022-07-31,1.3021083
United States,USA,2022-08-01,1.292906
United States,USA,2022-08-02,1.2699006
United States,USA,2022-08-03,1.3104738
United States,USA,2022-08-04,1.3477008
United States,USA,2022-08-05,1.3556482
United States,USA,2022-08-06,1.3723794
United States,USA,2022-08-07,1.3640138
United States,USA,2022-08-08,1.3744708
United States,USA,2022-08-09,1.3757256
United States,USA,2022-08-10,1.3493739
United States,USA,2022-08-11,1.3828365
United States,USA,2022-08-12,1.407515
United States,USA,2022-08-13,1.4188086
United States,USA,2022-08-14,1.4397227
United States,USA,2022-08-15,1.4271742
United States,USA,2022-08-16,1.4255011
United States,USA,2022-08-17,1.4280107
United States,USA,2022-08-18,1.3987311
United States,USA,2022-08-19,1.3924569
United States,USA,2022-08-20,1.3711246
United States,USA,2022-08-21,1.3514653
United States,USA,2022-08-22,1.3552299
United States,USA,2022-08-23,1.3602493
United States,USA,2022-08-24,1.3456094
United States,USA,2022-08-25,1.322604
United States,USA,2022-08-26,1.325532
United States,USA,2022-08-27,1.3263686
United States,USA,2022-08-28,1.3472825
United States,USA,2022-08-29,1.3560665
United States,USA,2022-08-30,1.3560665
United States,USA,2022-08-31,1.3401718
United States,USA,2022-09-01,1.322604
United States,USA,2022-09-02,1.3635955
United States,USA,2022-09-03,1.3477008
United States,USA,2022-09-04,1.2924877
United States,USA,2022-09-05,1.2724103
United States,USA,2022-09-06,1.2652996
United States,USA,2022-09-07,1.2000477
United States,USA,2022-09-08,1.1565465
United States,USA,2022-09-09,1.082929
United States,USA,2022-09-10,1.0716355
United States,USA,2022-09-11,1.0979872
United States,USA,2022-09-12,1.1067711
United States,USA,2022-09-13,1.0958958
United States,USA,2022-09-14,1.1586379
United States,USA,2022-09-15,1.1724411
United States,USA,2022-09-16,1.2188704
United States,USA,2022-09-17,1.3071276
United States,USA,2022-09-18,1.2125962
United States,USA,2022-09-19,1.1971197
United States,USA,2022-09-20,1.1941918
United States,USA,2022-09-21,1.1787153
United States,USA,2022-09-22,1.1544551
United States,USA,2022-09-23,1.1122087
United States,USA,2022-09-24,1.1414884
United States,USA,2022-09-25,1.1314497
United States,USA,2022-09-26,1.1331228
United States,USA,2022-09-27,1.1356325
United States,USA,2022-09-28,1.1377239
United States,USA,2022-09-29,1.120156
United States,USA,2022-09-30,1.3117287
United States,USA,2022-10-01,1.2456403
United States,USA,2022-10-02,1.2473135
United States,USA,2022-10-03,1.2565156
United States,USA,2022-10-04,1.2448038
United States,USA,2022-10-05,1.224308
United States,USA,2022-10-06,1.216779
United States,USA,2022-10-07,1.0540677
United States,USA,2022-10-08,1.0770731
United States,USA,2022-10-09,1.0707989
United States,USA,2022-10-10,1.0490483
United States,USA,2022-10-11,1.0578322
United States,USA,2022-10-12,1.0519763
United States,USA,2022-10-13,1.0327353
United States,USA,2022-10-14,0.9846331
United States,USA,2022-10-15,0.9817051
United States,USA,2022-10-16,0.9511706
United States,USA,2022-10-17,0.9319297
United States,USA,2022-10-18,0.90265006
United States,USA,2022-10-19,0.9298383
United States,USA,2022-10-20,0.9582814
United States,USA,2022-10-21,0.6855623
United States,USA,2022-10-22,1.3451911
United States,USA,2022-10-23,1.2360198
United States,USA,2022-10-24,1.2251445
United States,USA,2022-10-25,1.2217983
United States,USA,2022-10-26,1.1239206
United States,USA,2022-10-27,0.92900175
United States,USA,2022-10-28,2.217725
United States,USA,2022-10-29,1.2887232
United States,USA,2022-10-30,1.2887232
United States,USA,2022-10-31,1.2887232
United States,USA,2022-11-01,1.2887232
United States,USA,2022-11-02,1.2887232
United States,USA,2022-11-03,1.2887232
United States,USA,2022-11-04,1.0302256
United States,USA,2022-11-05,1.0302256
United States,USA,2022-11-06,1.0302256
United States,USA,2022-11-07,1.0302256
United States,USA,2022-11-08,1.0302256
United States,USA,2022-11-09,1.0302256
United States,USA,2022-11-10,1.0302256
United States,USA,2022-11-11,0.9578631
United States,USA,2022-11-12,0.9578631
United States,USA,2022-11-13,0.9578631
United States,USA,2022-11-14,0.9578631
United States,USA,2022-11-15,0.9578631
United States,USA,2022-11-16,0.9578631
United States,USA,2022-11-17,0.9578631
United States,USA,2022-11-18,0.92105436
United States,USA,2022-11-19,0.92105436
United States,USA,2022-11-20,0.92105436
United States,USA,2022-11-21,0.92105436
United States,USA,2022-11-22,0.92105436
United States,USA,2022-11-23,0.92105436
United States,USA,2022-11-24,0.92105436
United States,USA,2022-11-25,1.0954775
United States,USA,2022-11-26,1.0954775
United States,USA,2022-11-27,1.0954775
United States,USA,2022-11-28,1.0954775
United States,USA,2022-11-29,1.0954775
United States,USA,2022-11-30,1.0954775
United States,USA,2022-12-01,1.0954775
United States,USA,2022-12-02,0.7374291
United States,USA,2022-12-03,0.7374291
United States,USA,2022-12-04,0.7374291
United States,USA,2022-12-05,0.7374291
United States,USA,2022-12-06,0.7374291
United States,USA,2022-12-07,0.7374291
United States,USA,2022-12-08,0.7374291
United States,USA,2022-12-09,1.2694824
United States,USA,2022-12-10,1.2694824
United States,USA,2022-12-11,1.2694824
United States,USA,2022-12-12,1.2694824
United States,USA,2022-12-13,1.2694824
United States,USA,2022-12-14,1.2694824
United States,USA,2022-12-15,1.2694824
United States,USA,2022-12-16,1.1092808
United States,USA,2022-12-17,1.1092808
United States,USA,2022-12-18,1.1092808
United States,USA,2022-12-19,1.1092808
United States,USA,2022-12-20,1.1092808
United States,USA,2022-12-21,1.1092808
United States,USA,2022-12-22,1.1092808
United States,USA,2022-12-23,1.2686458
United States,USA,2022-12-24,1.2686458
United States,USA,2022-12-25,1.2686458
United States,USA,2022-12-26,1.2686458
United States,USA,2022-12-27,1.2686458
United States,USA,2022-12-28,1.2686458
United States,USA,2022-12-29,1.2686458
United States,USA,2022-12-30,1.0373365
United States,USA,2022-12-31,1.0373365
United States,USA,2023-01-01,1.0373365
United States,USA,2023-01-02,1.0373365
United States,USA,2023-01-03,1.0373365
United States,USA,2023-01-04,1.0373365
United States,USA,2023-01-05,1.0373365
United States,USA,2023-01-06,1.1561282
United States,USA,2023-01-07,1.1561282
United States,USA,2023-01-08,1.1561282
United States,USA,2023-01-09,1.1561282
United States,USA,2023-01-10,1.1561282
United States,USA,2023-01-11,1.1561282
United States,USA,2023-01-12,1.1561282
United States,USA,2023-01-13,1.8433636
United States,USA,2023-01-14,1.8433636
United States,USA,2023-01-15,1.8433636
United States,USA,2023-01-16,1.8433636
United States,USA,2023-01-17,1.8433636
United States,USA,2023-01-18,1.8433636
United States,USA,2023-01-19,1.8433636
United States,USA,2023-01-20,1.532581
United States,USA,2023-01-21,1.532581
United States,USA,2023-01-22,1.532581
United States,USA,2023-01-23,1.532581
United States,USA,2023-01-24,1.532581
United States,USA,2023-01-25,1.532581
United States,USA,2023-01-26,1.532581
United States,USA,2023-01-27,1.5656252
United States,USA,2023-01-28,1.5656252
United States,USA,2023-01-29,1.5656252
United States,USA,2023-01-30,1.5656252
United States,USA,2023-01-31,1.5656252
United States,USA,2023-02-01,1.5656252
United States,USA,2023-02-02,1.5656252
United States,USA,2023-02-03,1.4439055
United States,USA,2023-02-04,1.4439055
United States,USA,2023-02-05,1.4439055
United States,USA,2023-02-06,1.4439055
United States,USA,2023-02-07,1.4439055
United States,USA,2023-02-08,1.4439055
United States,USA,2023-02-09,1.4439055
United States,USA,2023-02-10,1.438886
United States,USA,2023-02-11,1.438886
United States,USA,2023-02-12,1.438886
United States,USA,2023-02-13,1.438886
United States,USA,2023-02-14,1.438886
United States,USA,2023-02-15,1.438886
United States,USA,2023-02-16,1.438886
United States,USA,2023-02-17,1.1950283
United States,USA,2023-02-18,1.1950283
United States,USA,2023-02-19,1.1950283
United States,USA,2023-02-20,1.1950283
United States,USA,2023-02-21,1.1950283
United States,USA,2023-02-22,1.1950283
United States,USA,2023-02-23,1.1950283
United States,USA,2023-02-24,0
United States,USA,2023-02-25,0.98797935
United States,USA,2023-02-26,0.98797935
United States,USA,2023-02-27,0.98797935
United States,USA,2023-02-28,0.98797935
United States,USA,2023-03-01,0.98797935
United States,USA,2023-03-02,0.98797935
United States,USA,2023-03-03,0.98797935
United States,USA,2023-03-04,0.918963
United States,USA,2023-03-05,0.918963
United States,USA,2023-03-06,0.918963
United States,USA,2023-03-07,0.918963
United States,USA,2023-03-08,0.918963
United States,USA,2023-03-09,0.918963
United States,USA,2023-03-10,0.918963
United States,USA,2023-03-11,0.7892959
United States,USA,2023-03-12,0.7892959
United States,USA,2023-03-13,0.7892959
United States,USA,2023-03-14,0.7892959
United States,USA,2023-03-15,0.7892959
United States,USA,2023-03-16,0.7892959
United States,USA,2023-03-17,0.7892959
United States,USA,2023-03-18,0.7282269
United States,USA,2023-03-19,0.7282269
United States,USA,2023-03-20,0.7282269
United States,USA,2023-03-21,0.7282269
United States,USA,2023-03-22,0.7282269
United States,USA,2023-03-23,0.7282269
United States,USA,2023-03-24,0.7282269
United States,USA,2023-03-25,0.87169725
United States,USA,2023-03-26,0.87169725
United States,USA,2023-03-27,0.87169725
United States,USA,2023-03-28,0.87169725
United States,USA,2023-03-29,0.87169725
United States,USA,2023-03-30,0.87169725
United States,USA,2023-03-31,0.87169725
United States,USA,2023-04-01,0.7303183
United States,USA,2023-04-02,0.7303183
United States,USA,2023-04-03,0.7303183
United States,USA,2023-04-04,0.7303183
United States,USA,2023-04-05,0.7303183
United States,USA,2023-04-06,0.7303183
United States,USA,2023-04-07,0.7303183
United States,USA,2023-04-08,0
United States,USA,2023-04-09,0.72320753
United States,USA,2023-04-10,0.72320753
United States,USA,2023-04-11,0.72320753
United States,USA,2023-04-12,0.72320753
United States,USA,2023-04-13,0.72320753
United States,USA,2023-04-14,0.72320753
United States,USA,2023-04-15,0.72320753
United States,USA,2023-04-16,0.53958225
United States,USA,2023-04-17,0.53958225
United States,USA,2023-04-18,0.53958225
United States,USA,2023-04-19,0.53958225
United States,USA,2023-04-20,0.53958225
United States,USA,2023-04-21,0.53958225
United States,USA,2023-04-22,0.53958225
United States,USA,2023-04-23,0.5011004
United States,USA,2023-04-24,0.5011004
United States,USA,2023-04-25,0.5011004
United States,USA,2023-04-26,0.5011004
United States,USA,2023-04-27,0.5011004
United States,USA,2023-04-28,0.5011004
United States,USA,2023-04-29,0.5011004
United States,USA,2023-04-30,0.43752176
United States,USA,2023-05-01,0.43752176
United States,USA,2023-05-02,0.43752176
United States,USA,2023-05-03,0.43752176
United States,USA,2023-05-04,0.43752176
United States,USA,2023-05-05,0.43752176
United States,USA,2023-05-06,0.43752176
United States,USA,2023-05-07,0.47934982
United States,USA,2023-05-08,0.47934982
United States,USA,2023-05-09,0.47934982
United States,USA,2023-05-10,0.47934982
United States,USA,2023-05-11,0.47934982
United States,USA,2023-05-12,0.47934982
United States,USA,2023-05-13,0.47934982
United States,USA,2023-05-14,0.81271964
United States,USA,2023-05-15,0.81271964
United States,USA,2023-05-16,1.1310314
United States,USA,2023-05-17,1.1310314
United States,USA,2023-05-18,1.1310314
United States,USA,2023-05-19,1.1310314
United States,USA,2023-05-20,1.1310314
United States,USA,2023-05-21,0.31831172
United States,USA,2023-05-22,0.31831172
United States,USA,2023-05-23,0.31078267
United States,USA,2023-05-24,0.31078267
United States,USA,2023-05-25,0.31078267
United States,USA,2023-05-26,0.31078267
United States,USA,2023-05-27,0.31078267
United States,USA,2023-05-28,0.31078267
United States,USA,2023-05-29,0.31078267
United States,USA,2023-05-30,0.29154173
United States,USA,2023-05-31,0.29154173
United States,USA,2023-06-01,0.29154173
United States,USA,2023-06-02,0.29154173
United States,USA,2023-06-03,0.29154173
United States,USA,2023-06-04,0.29154173
United States,USA,2023-06-05,0.29154173
United States,USA,2023-06-06,0.26477176
United States,USA,2023-06-07,0.26477176
United States,USA,2023-06-08,0.26477176
United States,USA,2023-06-09,0.26477176
United States,USA,2023-06-10,0.26477176
United States,USA,2023-06-11,0.26477176
United States,USA,2023-06-12,0.26477176
United States,USA,2023-06-13,0.25640616
United States,USA,2023-06-14,0.25640616
United States,USA,2023-06-15,0.25640616
United States,USA,2023-06-16,0.25640616
United States,USA,2023-06-17,0.25640616
United States,USA,2023-06-18,0.25640616
United States,USA,2023-06-19,0.25640616
United States,USA,2023-06-20,0.244276
United States,USA,2023-06-21,0.244276
United States,USA,2023-06-22,0.244276
United States,USA,2023-06-23,0.244276
United States,USA,2023-06-24,0.244276
United States,USA,2023-06-25,0.244276
United States,USA,2023-06-26,0.244276
United States,USA,2023-06-27,0.2271265
United States,USA,2023-06-28,0.2271265
United States,USA,2023-06-29,0.2271265
United States,USA,2023-06-30,0.2271265
United States,USA,2023-07-01,0.2271265
United States,USA,2023-07-02,0.2271265
United States,USA,2023-07-03,0.2271265
United States,USA,2023-07-04,0.20663074
United States,USA,2023-07-05,0.20663074
United States,USA,2023-07-06,0.20663074
United States,USA,2023-07-07,0.20663074
United States,USA,2023-07-08,0.20663074
United States,USA,2023-07-09,0.20663074
United States,USA,2023-07-10,0.20663074
United States,USA,2023-07-11,0.21332322
United States,USA,2023-07-12,0.21332322
United States,USA,2023-07-13,0.21332322
United States,USA,2023-07-14,0.21332322
United States,USA,2023-07-15,0.21332322
United States,USA,2023-07-16,0.21332322
United States,USA,2023-07-17,0.21332322
United States,USA,2023-07-18,0.22587165
United States,USA,2023-07-19,0.22587165
United States,USA,2023-07-20,0.22587165
United States,USA,2023-07-21,0.22587165
United States,USA,2023-07-22,0.22587165
United States,USA,2023-07-23,0.22587165
United States,USA,2023-07-24,0.22587165
United States,USA,2023-07-25,0.23172759
United States,USA,2023-07-26,0.23172759
United States,USA,2023-07-27,0.23172759
United States,USA,2023-07-28,0.23172759
United States,USA,2023-07-29,0.23172759
United States,USA,2023-07-30,0.23172759
United States,USA,2023-07-31,0.23172759
United States,USA,2023-08-01,0.281503
United States,USA,2023-08-02,0.281503
United States,USA,2023-08-03,0.281503
United States,USA,2023-08-04,0.281503
United States,USA,2023-08-05,0.281503
United States,USA,2023-08-06,0.281503
United States,USA,2023-08-07,0.281503
United States,USA,2023-08-08,0.31538376
United States,USA,2023-08-09,0.31538376
United States,USA,2023-08-10,0.31538376
United States,USA,2023-08-11,0.31538376
United States,USA,2023-08-12,0.31538376
United States,USA,2023-08-13,0.31538376
United States,USA,2023-08-14,0.31538376
United States,USA,2023-08-15,0.38690978
United States,USA,2023-08-16,0.38690978
United States,USA,2023-08-17,0.38690978
United States,USA,2023-08-18,0.38690978
United States,USA,2023-08-19,0.38690978
United States,USA,2023-08-20,0.38690978
United States,USA,2023-08-21,0.38690978
United States,USA,2023-08-22,0.44672394
United States,USA,2023-08-23,0.44672394
United States,USA,2023-08-24,0.44672394
United States,USA,2023-08-25,0.44672394
United States,USA,2023-08-26,0.44672394
United States,USA,2023-08-27,0.44672394
United States,USA,2023-08-28,0.44672394
United States,USA,2023-08-29,0.49691764
United States,USA,2023-08-30,0.49691764
United States,USA,2023-08-31,0.49691764
United States,USA,2023-09-01,0.49691764
United States,USA,2023-09-02,0.49691764
United States,USA,2023-09-03,0.49691764
United States,USA,2023-09-04,0.49691764
United States,USA,2023-09-05,0.55087584
United States,USA,2023-09-06,0.55087584
United States,USA,2023-09-07,0.55087584
United States,USA,2023-09-08,0.55087584
United States,USA,2023-09-09,0.55087584
United States,USA,2023-09-10,0.55087584
United States,USA,2023-09-11,0.55087584
United States,USA,2023-09-12,0.59061253
United States,USA,2023-09-13,0.59061253
United States,USA,2023-09-14,0.59061253
United States,USA,2023-09-15,0.59061253
United States,USA,2023-09-16,0.59061253
United States,USA,2023-09-17,0.59061253
United States,USA,2023-09-18,0.59061253
United States,USA,2023-09-19,0.5935405
United States,USA,2023-09-20,0.5935405
United States,USA,2023-09-21,0.5935405
United States,USA,2023-09-22,0.5935405
United States,USA,2023-09-23,0.5935405
United States,USA,2023-09-24,0.5935405
United States,USA,2023-09-25,0.5935405
United States,USA,2023-09-26,0.61027175
United States,USA,2023-09-27,0.61027175
United States,USA,2023-09-28,0.61027175
United States,USA,2023-09-29,0.61027175
United States,USA,2023-09-30,0.61027175
United States,USA,2023-10-01,0.61027175
United States,USA,2023-10-02,0.61027175
United States,USA,2023-10-03,0.5864297
United States,USA,2023-10-04,0.5864297
United States,USA,2023-10-05,0.5864297
United States,USA,2023-10-06,0.5864297
United States,USA,2023-10-07,0.5864297
United States,USA,2023-10-08,0.5864297
United States,USA,2023-10-09,0.5864297
United States,USA,2023-10-10,0.55087584
United States,USA,2023-10-11,0.55087584
United States,USA,2023-10-12,0.55087584
United States,USA,2023-10-13,0.55087584
United States,USA,2023-10-14,0.55087584
United States,USA,2023-10-15,0.55087584
United States,USA,2023-10-16,0.55087584
United States,USA,2023-10-17,0.58308345
United States,USA,2023-10-18,0.58308345
United States,USA,2023-10-19,0.58308345
United States,USA,2023-10-20,0.58308345
United States,USA,2023-10-21,0.58308345
United States,USA,2023-10-22,0.58308345
United States,USA,2023-10-23,0.58308345
United States,USA,2023-10-24,0.54041886
United States,USA,2023-10-25,0.54041886
United States,USA,2023-10-26,0.54041886
United States,USA,2023-10-27,0.54041886
United States,USA,2023-10-28,0.54041886
United States,USA,2023-10-29,0.54041886
United States,USA,2023-10-30,0.54041886
United States,USA,2023-10-31,0.5215962
United States,USA,2023-11-01,0.5215962
United States,USA,2023-11-02,0.5215962
United States,USA,2023-11-03,0.5215962
United States,USA,2023-11-04,0.5215962
United States,USA,2023-11-05,0.5215962
United States,USA,2023-11-06,0.5215962
United States,USA,2023-11-07,0.58350176
United States,USA,2023-11-08,0.58350176
United States,USA,2023-11-09,0.58350176
United States,USA,2023-11-10,0.58350176
United States,USA,2023-11-11,0.58350176
United States,USA,2023-11-12,0.58350176
United States,USA,2023-11-13,0.58350176
United States,USA,2023-11-14,0.59855986
United States,USA,2023-11-15,0.59855986
United States,USA,2023-11-16,0.59855986
United States,USA,2023-11-17,0.59855986
United States,USA,2023-11-18,0.59855986
United States,USA,2023-11-19,0.59855986
United States,USA,2023-11-20,0.59855986
United States,USA,2023-11-21,0.597305
United States,USA,2023-11-22,0.597305
United States,USA,2023-11-23,0.597305
United States,USA,2023-11-24,0.597305
United States,USA,2023-11-25,0.597305
United States,USA,2023-11-26,0.597305
United States,USA,2023-11-27,0.597305
United States,USA,2023-11-28,0.72571725
United States,USA,2023-11-29,0.72571725
United States,USA,2023-11-30,0.72571725
United States,USA,2023-12-01,0.72571725
United States,USA,2023-12-02,0.72571725
United States,USA,2023-12-03,0.72571725
United States,USA,2023-12-04,0.72571725
United States,USA,2023-12-05,0.75039583
United States,USA,2023-12-06,0.75039583
United States,USA,2023-12-07,0.75039583
United States,USA,2023-12-08,0.75039583
United States,USA,2023-12-09,0.75039583
United States,USA,2023-12-10,0.75039583
United States,USA,2023-12-11,0.75039583
United States,USA,2023-12-12,0.7742378
United States,USA,2023-12-13,0.7742378
United States,USA,2023-12-14,0.7742378
United States,USA,2023-12-15,0.7742378
United States,USA,2023-12-16,0.7742378
United States,USA,2023-12-17,0.7742378
United States,USA,2023-12-18,0.7742378
United States,USA,2023-12-19,0.81062824
United States,USA,2023-12-20,0.81062824
United States,USA,2023-12-21,0.81062824
United States,USA,2023-12-22,0.81062824
United States,USA,2023-12-23,0.81062824
United States,USA,2023-12-24,0.81062824
United States,USA,2023-12-25,0.81062824
United States,USA,2023-12-26,0.93443936
United States,USA,2023-12-27,0.93443936
United States,USA,2023-12-28,0.93443936
United States,USA,2023-12-29,0.93443936
United States,USA,2023-12-30,0.93443936
United States,USA,2023-12-31,0.93443936
United States,USA,2024-01-01,0.93443936
United States,USA,2024-01-02,1.0457021
United States,USA,2024-01-03,1.0457021
United States,USA,2024-01-04,1.0457021
United States,USA,2024-01-05,1.0457021
United States,USA,2024-01-06,1.0457021
United States,USA,2024-01-07,1.0457021
United States,USA,2024-01-08,1.0457021
United States,USA,2024-01-09,1.0846022
United States,USA,2024-01-10,1.0846022
United States,USA,2024-01-11,1.0846022
United States,USA,2024-01-12,1.0846022
United States,USA,2024-01-13,1.0846022
United States,USA,2024-01-14,1.0846022
United States,USA,2024-01-15,1.0846022
United States,USA,2024-01-16,0.99132556
United States,USA,2024-01-17,0.99132556
United States,USA,2024-01-18,0.99132556
United States,USA,2024-01-19,0.99132556
United States,USA,2024-01-20,0.99132556
United States,USA,2024-01-21,0.99132556
United States,USA,2024-01-22,0.99132556
United States,USA,2024-01-23,0.8947027
United States,USA,2024-01-24,0.8947027
United States,USA,2024-01-25,0.8947027
United States,USA,2024-01-26,0.8947027
United States,USA,2024-01-27,0.8947027
United States,USA,2024-01-28,0.8947027
United States,USA,2024-01-29,0.8947027
United States,USA,2024-01-30,0.7311549
United States,USA,2024-01-31,0.7311549
United States,USA,2024-02-01,0.7311549
United States,USA,2024-02-02,0.7311549
United States,USA,2024-02-03,0.7311549
United States,USA,2024-02-04,0.7311549
United States,USA,2024-02-05,0.7311549
United States,USA,2024-02-06,0.6809612
United States,USA,2024-02-07,0.6809612
United States,USA,2024-02-08,0.6809612
United States,USA,2024-02-09,0.6809612
United States,USA,2024-02-10,0.6809612
United States,USA,2024-02-11,0.6809612
United States,USA,2024-02-12,0.6809612
United States,USA,2024-02-13,0.5826652
United States,USA,2024-02-14,0.5826652
United States,USA,2024-02-15,0.5826652
United States,USA,2024-02-16,0.5826652
United States,USA,2024-02-17,0.5826652
United States,USA,2024-02-18,0.5826652
United States,USA,2024-02-19,0.5826652
United States,USA,2024-02-20,0.5558952
United States,USA,2024-02-21,0.5558952
United States,USA,2024-02-22,0.5558952
United States,USA,2024-02-23,0.5558952
United States,USA,2024-02-24,0.5558952
United States,USA,2024-02-25,0.5558952
United States,USA,2024-02-26,0.5558952
United States,USA,2024-02-27,0.53372633
United States,USA,2024-02-28,0.53372633
United States,USA,2024-02-29,0.53372633
United States,USA,2024-03-01,0.53372633
United States,USA,2024-03-02,0.53372633
United States,USA,2024-03-03,0.53372633
United States,USA,2024-03-04,0.53372633
United States,USA,2024-03-05,0.4622003
United States,USA,2024-03-06,0.4622003
United States,USA,2024-03-07,0.4622003
United States,USA,2024-03-08,0.4622003
United States,USA,2024-03-09,0.4622003
United States,USA,2024-03-10,0.4622003
United States,USA,2024-03-11,0.4622003
United States,USA,2024-03-12,0.43794003
United States,USA,2024-03-13,0.43794003
United States,USA,2024-03-14,0.43794003
United States,USA,2024-03-15,0.43794003
United States,USA,2024-03-16,0.43794003
United States,USA,2024-03-17,0.43794003
United States,USA,2024-03-18,0.43794003
United States,USA,2024-03-19,0.35679355
United States,USA,2024-03-20,0.35679355
United States,USA,2024-03-21,0.35679355
United States,USA,2024-03-22,0.35679355
United States,USA,2024-03-23,0.35679355
United States,USA,2024-03-24,0.35679355
United States,USA,2024-03-25,0.35679355
United States,USA,2024-03-26,0.31078267
United States,USA,2024-03-27,0.31078267
United States,USA,2024-03-28,0.31078267
United States,USA,2024-03-29,0.31078267
United States,USA,2024-03-30,0.31078267
United States,USA,2024-03-31,0.31078267
United States,USA,2024-04-01,0.31078267
United States,USA,2024-04-02,0.26560834
United States,USA,2024-04-03,0.26560834
United States,USA,2024-04-04,0.26560834
United States,USA,2024-04-05,0.26560834
United States,USA,2024-04-06,0.26560834
United States,USA,2024-04-07,0.26560834
United States,USA,2024-04-08,0.26560834
United States,USA,2024-04-09,0.24051148
United States,USA,2024-04-10,0.24051148
United States,USA,2024-04-11,0.24051148
United States,USA,2024-04-12,0.24051148
United States,USA,2024-04-13,0.24051148
United States,USA,2024-04-14,0.24051148
United States,USA,2024-04-15,0.24051148
United States,USA,2024-04-16,0.2095587
United States,USA,2024-04-17,0.2095587
United States,USA,2024-04-18,0.2095587
United States,USA,2024-04-19,0.2095587
United States,USA,2024-04-20,0.2095587
United States,USA,2024-04-21,0.2095587
United States,USA,2024-04-22,0.2095587
United States,USA,2024-04-23,0.17986076
United States,USA,2024-04-24,0.17986076
United States,USA,2024-04-25,0.17986076
United States,USA,2024-04-26,0.17986076
United States,USA,2024-04-27,0.17986076
United States,USA,2024-04-28,0.17986076
United States,USA,2024-04-29,0.17986076
United States,USA,2024-04-30,0.17860591
United States,USA,2024-05-01,0.17860591
United States,USA,2024-05-02,0.17860591
United States,USA,2024-05-03,0.17860591
United States,USA,2024-05-04,0.17860591
United States,USA,2024-05-05,0.17860591
United States,USA,2024-05-06,0.17860591
United States,USA,2024-05-07,0.13970579
United States,USA,2024-05-08,0.13970579
United States,USA,2024-05-09,0.13970579
United States,USA,2024-05-10,0.13970579
United States,USA,2024-05-11,0.13970579
United States,USA,2024-05-12,0.13970579
United States,USA,2024-05-13,0.13970579
United States,USA,2024-05-14,0.14221549
United States,USA,2024-05-15,0.14221549
United States,USA,2024-05-16,0.14221549
United States,USA,2024-05-17,0.14221549
United States,USA,2024-05-18,0.14221549
United States,USA,2024-05-19,0.14221549
United States,USA,2024-05-20,0.14221549
United States,USA,2024-05-21,0.14388861
United States,USA,2024-05-22,0.14388861
United States,USA,2024-05-23,0.14388861
United States,USA,2024-05-24,0.14388861
United States,USA,2024-05-25,0.14388861
United States,USA,2024-05-26,0.14388861
United States,USA,2024-05-27,0.14388861
United States,USA,2024-05-28,0.13635956
United States,USA,2024-05-29,0.13635956
United States,USA,2024-05-30,0.13635956
United States,USA,2024-05-31,0.13635956
United States,USA,2024-06-01,0.13635956
United States,USA,2024-06-02,0.13635956
United States,USA,2024-06-03,0.13635956
United States,USA,2024-06-04,0.13134018
United States,USA,2024-06-05,0.13134018
United States,USA,2024-06-06,0.13134018
United States,USA,2024-06-07,0.13134018
United States,USA,2024-06-08,0.13134018
United States,USA,2024-06-09,0.13134018
United States,USA,2024-06-10,0.13134018
United States,USA,2024-06-11,0.15350907
United States,USA,2024-06-12,0.15350907
United States,USA,2024-06-13,0.15350907
United States,USA,2024-06-14,0.15350907
United States,USA,2024-06-15,0.15350907
United States,USA,2024-06-16,0.15350907
United States,USA,2024-06-17,0.15350907
United States,USA,2024-06-18,0.18237044
United States,USA,2024-06-19,0.18237044
United States,USA,2024-06-20,0.18237044
United States,USA,2024-06-21,0.18237044
United States,USA,2024-06-22,0.18237044
United States,USA,2024-06-23,0.18237044
United States,USA,2024-06-24,0.18237044
United States,USA,2024-06-25,0.18571669
United States,USA,2024-06-26,0.18571669
United States,USA,2024-06-27,0.18571669
United States,USA,2024-06-28,0.18571669
United States,USA,2024-06-29,0.18571669
United States,USA,2024-06-30,0.18571669
United States,USA,2024-07-01,0.18571669
United States,USA,2024-07-02,0.22294368
United States,USA,2024-07-03,0.22294368
United States,USA,2024-07-04,0.22294368
United States,USA,2024-07-05,0.22294368
United States,USA,2024-07-06,0.22294368
United States,USA,2024-07-07,0.22294368
United States,USA,2024-07-08,0.22294368
United States,USA,2024-07-09,0.2488771
United States,USA,2024-07-10,0.2488771
United States,USA,2024-07-11,0.2488771
United States,USA,2024-07-12,0.2488771
United States,USA,2024-07-13,0.2488771
United States,USA,2024-07-14,0.2488771
United States,USA,2024-07-15,0.2488771
United States,USA,2024-07-16,0.308273
United States,USA,2024-07-17,0.308273
United States,USA,2024-07-18,0.308273
United States,USA,2024-07-19,0.308273
United States,USA,2024-07-20,0.308273
United States,USA,2024-07-21,0.308273
United States,USA,2024-07-22,0.308273
United States,USA,2024-07-23,0.36055806
United States,USA,2024-07-24,0.36055806
United States,USA,2024-07-25,0.36055806
United States,USA,2024-07-26,0.36055806
United States,USA,2024-07-27,0.36055806
United States,USA,2024-07-28,0.36055806
United States,USA,2024-07-29,0.36055806
United States,USA,2024-07-30,0.41409802
United States,USA,2024-07-31,0.41409802
United States,USA,2024-08-01,0.41409802
United States,USA,2024-08-02,0.41409802
United States,USA,2024-08-03,0.41409802
United States,USA,2024-08-04,0.41409802
United States,USA,2024-08-05,0.41409802
United States,USA,2024-08-06,0.4475605
United States,USA,2024-08-07,0.4475605
United States,USA,2024-08-08,0.4475605
United States,USA,2024-08-09,0.4475605
United States,USA,2024-08-10,0.4475605
United States,USA,2024-08-11,0.4475605
United States,USA,2024-08-12,0.4475605
United States,USA,2024-08-13,0.45299813
United States,USA,2024-08-14,0.45299813
United States,USA,2024-08-15,0.45299813
United States,USA,2024-08-16,0.45299813
United States,USA,2024-08-17,0.45299813
United States,USA,2024-08-18,0.45299813
United States,USA,2024-08-19,0.45299813
United States,USA,2024-08-20,0.5261973
United States,USA,2024-08-21,0.5261973
United States,USA,2024-08-22,0.5261973
United States,USA,2024-08-23,0.5261973
United States,USA,2024-08-24,0.5261973
United States,USA,2024-08-25,0.5261973
United States,USA,2024-08-26,0.5261973
United States,USA,2024-08-27,0.56844366
United States,USA,2024-08-28,0.56844366
United States,USA,2024-08-29,0.56844366
United States,USA,2024-08-30,0.56844366
United States,USA,2024-08-31,0.56844366
United States,USA,2024-09-01,0.56844366
United States,USA,2024-09-02,0.56844366
United States,USA,2024-09-03,0.5149037
United States,USA,2024-09-04,0.5149037
United States,USA,2024-09-05,0.5149037
United States,USA,2024-09-06,0.5149037
United States,USA,2024-09-07,0.5149037
United States,USA,2024-09-08,0.5149037
United States,USA,2024-09-09,0.5149037
United States,USA,2024-09-10,0.52075964
United States,USA,2024-09-11,0.52075964
United States,USA,2024-09-12,0.52075964
United States,USA,2024-09-13,0.52075964
United States,USA,2024-09-14,0.52075964
United States,USA,2024-09-15,0.52075964
United States,USA,2024-09-16,0.52075964
United States,USA,2024-09-17,0.46178204
United States,USA,2024-09-18,0.46178204
United States,USA,2024-09-19,0.46178204
United States,USA,2024-09-20,0.46178204
United States,USA,2024-09-21,0.46178204
United States,USA,2024-09-22,0.46178204
United States,USA,2024-09-23,0.46178204
United States,USA,2024-09-24,0.43292066
United States,USA,2024-09-25,0.43292066
United States,USA,2024-09-26,0.43292066
United States,USA,2024-09-27,0.43292066
United States,USA,2024-09-28,0.43292066
United States,USA,2024-09-29,0.43292066
United States,USA,2024-09-30,0.43292066
United States,USA,2024-10-01,0.40866038
United States,USA,2024-10-02,0.40866038
United States,USA,2024-10-03,0.40866038
United States,USA,2024-10-04,0.40866038
United States,USA,2024-10-05,0.40866038
United States,USA,2024-10-06,0.40866038
United States,USA,2024-10-07,0.40866038
United States,USA,2024-10-08,0.3379709
United States,USA,2024-10-09,0.3379709
United States,USA,2024-10-10,0.3379709
United States,USA,2024-10-11,0.3379709
United States,USA,2024-10-12,0.3379709
United States,USA,2024-10-13,0.3379709
United States,USA,2024-10-14,0.3379709
United States,USA,2024-10-15,0.30910954
United States,USA,2024-10-16,0.30910954
United States,USA,2024-10-17,0.30910954
United States,USA,2024-10-18,0.30910954
United States,USA,2024-10-19,0.30910954
United States,USA,2024-10-20,0.30910954
United States,USA,2024-10-21,0.30910954
United States,USA,2024-10-22,0.27020943
United States,USA,2024-10-23,0.27020943
United States,USA,2024-10-24,0.27020943
United States,USA,2024-10-25,0.27020943
United States,USA,2024-10-26,0.27020943
United States,USA,2024-10-27,0.27020943
United States,USA,2024-10-28,0.27020943
United States,USA,2024-10-29,0.25264162
United States,USA,2024-10-30,0.25264162
United States,USA,2024-10-31,0.25264162
United States,USA,2024-11-01,0.25264162
United States,USA,2024-11-02,0.25264162
United States,USA,2024-11-03,0.25264162
United States,USA,2024-11-04,0.25264162
United States,USA,2024-11-05,0.23423727
United States,USA,2024-11-06,0.23423727
United States,USA,2024-11-07,0.23423727
United States,USA,2024-11-08,0.23423727
United States,USA,2024-11-09,0.23423727
United States,USA,2024-11-10,0.23423727
United States,USA,2024-11-11,0.23423727
United States,USA,2024-11-12,0.22210713
United States,USA,2024-11-13,0.22210713
United States,USA,2024-11-14,0.22210713
United States,USA,2024-11-15,0.22210713
United States,USA,2024-11-16,0.22210713
United States,USA,2024-11-17,0.22210713
United States,USA,2024-11-18,0.22210713
United States,USA,2024-11-19,0.19826512
United States,USA,2024-11-20,0.19826512
United States,USA,2024-11-21,0.19826512
United States,USA,2024-11-22,0.19826512
United States,USA,2024-11-23,0.19826512
United States,USA,2024-11-24,0.19826512
United States,USA,2024-11-25,0.19826512
United States,USA,2024-11-26,0.2095587
United States,USA,2024-11-27,0.2095587
United States,USA,2024-11-28,0.2095587
United States,USA,2024-11-29,0.2095587
United States,USA,2024-11-30,0.2095587
United States,USA,2024-12-01,0.2095587
United States,USA,2024-12-02,0.2095587
United States,USA,2024-12-03,0.21206838
United States,USA,2024-12-04,0.21206838
United States,USA,2024-12-05,0.21206838
United States,USA,2024-12-06,0.21206838
United States,USA,2024-12-07,0.21206838
United States,USA,2024-12-08,0.21206838
United States,USA,2024-12-09,0.21206838
United States,USA,2024-12-10,0.23925664
United States,USA,2024-12-11,0.23925664
United States,USA,2024-12-12,0.23925664
United States,USA,2024-12-13,0.23925664
United States,USA,2024-12-14,0.23925664
United States,USA,2024-12-15,0.23925664
United States,USA,2024-12-16,0.23925664
United States,USA,2024-12-17,0.24971366
United States,USA,2024-12-18,0.24971366
United States,USA,2024-12-19,0.24971366
United States,USA,2024-12-20,0.24971366
United States,USA,2024-12-21,0.24971366
United States,USA,2024-12-22,0.24971366
United States,USA,2024-12-23,0.24971366
United States,USA,2024-12-24,0.28401268
United States,USA,2024-12-25,0.28401268
United States,USA,2024-12-26,0.28401268
United States,USA,2024-12-27,0.28401268
United States,USA,2024-12-28,0.28401268
United States,USA,2024-12-29,0.28401268
United States,USA,2024-12-30,0.28401268
United States,USA,2024-12-31,0.38105384
United States,USA,2025-01-01,0.38105384
United States,USA,2025-01-02,0.38105384
United States,USA,2025-01-03,0.38105384
United States,USA,2025-01-04,0.38105384
United States,USA,2025-01-05,0.38105384
United States,USA,2025-01-06,0.38105384
United States,USA,2025-01-07,0.44003144
United States,USA,2025-01-08,0.44003144
United States,USA,2025-01-09,0.44003144
United States,USA,2025-01-10,0.44003144
United States,USA,2025-01-11,0.44003144
United States,USA,2025-01-12,0.44003144
United States,USA,2025-01-13,0.44003144
United States,USA,2025-01-14,0.41869912
United States,USA,2025-01-15,0.41869912
United States,USA,2025-01-16,0.41869912
United States,USA,2025-01-17,0.41869912
United States,USA,2025-01-18,0.41869912
United States,USA,2025-01-19,0.41869912
United States,USA,2025-01-20,0.41869912
United States,USA,2025-01-21,0.40447757
United States,USA,2025-01-22,0.40447757
United States,USA,2025-01-23,0.40447757
United States,USA,2025-01-24,0.40447757
United States,USA,2025-01-25,0.40447757
United States,USA,2025-01-26,0.40447757
United States,USA,2025-01-27,0.40447757
United States,USA,2025-01-28,0.39360225
United States,USA,2025-01-29,0.39360225
United States,USA,2025-01-30,0.39360225
United States,USA,2025-01-31,0.39360225
United States,USA,2025-02-01,0.39360225
United States,USA,2025-02-02,0.39360225
United States,USA,2025-02-03,0.39360225
United States,USA,2025-02-04,0.3513559
United States,USA,2025-02-05,0.3513559
United States,USA,2025-02-06,0.3513559
United States,USA,2025-02-07,0.3513559
United States,USA,2025-02-08,0.3513559
United States,USA,2025-02-09,0.3513559
United States,USA,2025-02-10,0.3513559
United States,USA,2025-02-11,0.31538376
United States,USA,2025-02-12,0.31538376
United States,USA,2025-02-13,0.31538376
United States,USA,2025-02-14,0.31538376
United States,USA,2025-02-15,0.31538376
United States,USA,2025-02-16,0.31538376
United States,USA,2025-02-17,0.31538376
United States,USA,2025-02-18,0.31036437
United States,USA,2025-02-19,0.31036437
United States,USA,2025-02-20,0.31036437
United States,USA,2025-02-21,0.31036437
United States,USA,2025-02-22,0.31036437
United States,USA,2025-02-23,0.31036437
United States,USA,2025-02-24,0.31036437
United States,USA,2025-02-25,0.2944697
United States,USA,2025-02-26,0.2944697
United States,USA,2025-02-27,0.2944697
United States,USA,2025-02-28,0.2944697
United States,USA,2025-03-01,0.2944697
United States,USA,2025-03-02,0.2944697
United States,USA,2025-03-03,0.2944697
United States,USA,2025-03-04,0.2597524
United States,USA,2025-03-05,0.2597524
United States,USA,2025-03-06,0.2597524
United States,USA,2025-03-07,0.2597524
United States,USA,2025-03-08,0.2597524
United States,USA,2025-03-09,0.2597524
United States,USA,2025-03-10,0.2597524
United States,USA,2025-03-11,0.2116501
United States,USA,2025-03-12,0.2116501
United States,USA,2025-03-13,0.2116501
United States,USA,2025-03-14,0.2116501
United States,USA,2025-03-15,0.2116501
United States,USA,2025-03-16,0.2116501
United States,USA,2025-03-17,0.2116501
United States,USA,2025-03-18,0.1986834
United States,USA,2025-03-19,0.1986834
United States,USA,2025-03-20,0.1986834
United States,USA,2025-03-21,0.1986834
United States,USA,2025-03-22,0.1986834
United States,USA,2025-03-23,0.1986834
United States,USA,2025-03-24,0.1986834
United States,USA,2025-03-25,0.20412105
United States,USA,2025-03-26,0.20412105
United States,USA,2025-03-27,0.20412105
United States,USA,2025-03-28,0.20412105
United States,USA,2025-03-29,0.20412105
United States,USA,2025-03-30,0.20412105
United States,USA,2025-03-31,0.20412105
United States,USA,2025-04-01,0.17609623
United States,USA,2025-04-02,0.17609623
United States,USA,2025-04-03,0.17609623
United States,USA,2025-04-04,0.17609623
United States,USA,2025-04-05,0.17609623
United States,USA,2025-04-06,0.17609623
United States,USA,2025-04-07,0.17609623
United States,USA,2025-04-08,0.15643702
United States,USA,2025-04-09,0.15643702
United States,USA,2025-04-10,0.15643702
United States,USA,2025-04-11,0.15643702
United States,USA,2025-04-12,0.15643702
United States,USA,2025-04-13,0.15643702
United States,USA,2025-04-14,0.15643702
United States,USA,2025-04-15,0.16396609
United States,USA,2025-04-16,0.16396609
United States,USA,2025-04-17,0.16396609
United States,USA,2025-04-18,0.16396609
United States,USA,2025-04-19,0.16396609
United States,USA,2025-04-20,0.16396609
United States,USA,2025-04-21,0.16396609
United States,USA,2025-04-22,0.14096063
United States,USA,2025-04-23,0.14096063
United States,USA,2025-04-24,0.14096063
United States,USA,2025-04-25,0.14096063
United States,USA,2025-04-26,0.14096063
United States,USA,2025-04-27,0.14096063
United States,USA,2025-04-28,0.14096063
United States,USA,2025-04-29,0.12506597
United States,USA,2025-04-30,0.12506597
United States,USA,2025-05-01,0.12506597
United States,USA,2025-05-02,0.12506597
United States,USA,2025-05-03,0.12506597
United States,USA,2025-05-04,0.12506597
United States,USA,2025-05-05,0.12506597
United States,USA,2025-05-06,0.1112627
United States,USA,2025-05-07,0.1112627
United States,USA,2025-05-08,0.1112627
United States,USA,2025-05-09,0.1112627
United States,USA,2025-05-10,0.1112627
United States,USA,2025-05-11,0.1112627
United States,USA,2025-05-12,0.1112627
United States,USA,2025-05-13,0.09871428
United States,USA,2025-05-14,0.09871428
United States,USA,2025-05-15,0.09871428
United States,USA,2025-05-16,0.09871428
United States,USA,2025-05-17,0.09871428
United States,USA,2025-05-18,0.09871428
United States,USA,2025-05-19,0.09871428
United States,USA,2025-05-20,0.081983045
United States,USA,2025-05-21,0.081983045
United States,USA,2025-05-22,0.081983045
United States,USA,2025-05-23,0.081983045
United States,USA,2025-05-24,0.081983045
United States,USA,2025-05-25,0.081983045
United States,USA,2025-05-26,0.081983045
United States,USA,2025-05-27,0.088675536
United States,USA,2025-05-28,0.088675536
United States,USA,2025-05-29,0.088675536
United States,USA,2025-05-30,0.088675536
United States,USA,2025-05-31,0.088675536
United States,USA,2025-06-01,0.088675536
United States,USA,2025-06-02,0.088675536
United States,USA,2025-06-03,0.081983045
United States,USA,2025-06-04,0.081983045
United States,USA,2025-06-05,0.081983045
United States,USA,2025-06-06,0.081983045
United States,USA,2025-06-07,0.081983045
United States,USA,2025-06-08,0.081983045
United States,USA,2025-06-09,0.081983045
United States,USA,2025-06-10,0.071107745
United States,USA,2025-06-11,0.071107745
United States,USA,2025-06-12,0.071107745
United States,USA,2025-06-13,0.071107745
United States,USA,2025-06-14,0.071107745
United States,USA,2025-06-15,0.071107745
United States,USA,2025-06-16,0.071107745
United States,USA,2025-06-17,0.07821851
United States,USA,2025-06-18,0.07821851
United States,USA,2025-06-19,0.07821851
United States,USA,2025-06-20,0.07821851
United States,USA,2025-06-21,0.07821851
United States,USA,2025-06-22,0.07821851
United States,USA,2025-06-23,0.07821851
United States,USA,2025-06-24,0.069852896
United States,USA,2025-06-25,0.069852896
United States,USA,2025-06-26,0.069852896
United States,USA,2025-06-27,0.069852896
United States,USA,2025-06-28,0.069852896
United States,USA,2025-06-29,0.069852896
United States,USA,2025-06-30,0.069852896
United States,USA,2025-07-01,0.08114648
United States,USA,2025-07-02,0.08114648
United States,USA,2025-07-03,0.08114648
United States,USA,2025-07-04,0.08114648
United States,USA,2025-07-05,0.08114648
United States,USA,2025-07-06,0.08114648
United States,USA,2025-07-07,0.08114648
United States,USA,2025-07-08,0.071944304
United States,USA,2025-07-09,0.071944304
United States,USA,2025-07-10,0.071944304
United States,USA,2025-07-11,0.071944304
United States,USA,2025-07-12,0.071944304
United States,USA,2025-07-13,0.071944304
United States,USA,2025-07-14,0.071944304
United States,USA,2025-07-15,0.078636795
United States,USA,2025-07-16,0.078636795
United States,USA,2025-07-17,0.078636795
United States,USA,2025-07-18,0.078636795
United States,USA,2025-07-19,0.078636795
United States,USA,2025-07-20,0.078636795
United States,USA,2025-07-21,0.078636795
United States,USA,2025-07-22,0.078636795
United States,USA,2025-07-23,0.078636795
United States,USA,2025-07-24,0.078636795
United States,USA,2025-07-25,0.078636795
United States,USA,2025-07-26,0.078636795
United States,USA,2025-07-27,0.078636795
United States,USA,2025-07-28,0.078636795
United States,USA,2025-07-29,0.08993038
United States,USA,2025-07-30,0.08993038
United States,USA,2025-07-31,0.08993038
United States,USA,2025-08-01,0.08993038
United States,USA,2025-08-02,0.08993038
United States,USA,2025-08-03,0.08993038
United States,USA,2025-08-04,0.08993038
United States,USA,2025-08-05,0.092858344
United States,USA,2025-08-06,0.092858344
United States,USA,2025-08-07,0.092858344
United States,USA,2025-08-08,0.092858344
United States,USA,2025-08-09,0.092858344
United States,USA,2025-08-10,0.092858344
United States,USA,2025-08-11,0.092858344
United States,USA,2025-08-12,0.11670035
United States,USA,2025-08-13,0.11670035
United States,USA,2025-08-14,0.11670035
United States,USA,2025-08-15,0.11670035
United States,USA,2025-08-16,0.11670035
United States,USA,2025-08-17,0.11670035
United States,USA,2025-08-18,0.11670035
United States,USA,2025-08-19,0.12590253
United States,USA,2025-08-20,0.12590253
United States,USA,2025-08-21,0.12590253
United States,USA,2025-08-22,0.12590253
United States,USA,2025-08-23,0.12590253
United States,USA,2025-08-24,0.12590253
United States,USA,2025-08-25,0.12590253
United States,USA,2025-08-26,0.15685531
United States,USA,2025-08-27,0.15685531
United States,USA,2025-08-28,0.15685531
United States,USA,2025-08-29,0.15685531
United States,USA,2025-08-30,0.15685531
United States,USA,2025-08-31,0.15685531
United States,USA,2025-09-01,0.15685531
United States,USA,2025-09-02,0.18278873
United States,USA,2025-09-03,0.18278873
United States,USA,2025-09-04,0.18278873
United States,USA,2025-09-05,0.18278873
United States,USA,2025-09-06,0.18278873
United States,USA,2025-09-07,0.18278873
United States,USA,2025-09-08,0.18278873
United States,USA,2025-09-09,0.18404357
United States,USA,2025-09-10,0.18404357
United States,USA,2025-09-11,0.18404357
United States,USA,2025-09-12,0.18404357
United States,USA,2025-09-13,0.18404357
United States,USA,2025-09-14,0.18404357
United States,USA,2025-09-15,0.18404357
United States,USA,2025-09-16,0.19115435
United States,USA,2025-09-17,0.19115435
United States,USA,2025-09-18,0.19115435
United States,USA,2025-09-19,0.19115435
United States,USA,2025-09-20,0.19115435
United States,USA,2025-09-21,0.19115435
United States,USA,2025-09-22,0.19115435
United States,USA,2025-09-23,0.20119308
United States,USA,2025-09-24,0.20119308
United States,USA,2025-09-25,0.20119308
United States,USA,2025-09-26,0.20119308
United States,USA,2025-09-27,0.20119308
United States,USA,2025-09-28,0.20119308
United States,USA,2025-09-29,0.20119308
United States,USA,2025-09-30,0.17442311
United States,USA,2025-10-01,0.17442311
United States,USA,2025-10-02,0.17442311
United States,USA,2025-10-03,0.17442311
United States,USA,2025-10-04,0.17442311
United States,USA,2025-10-05,0.17442311
United States,USA,2025-10-06,0.17442311
United States,USA,2025-10-07,0.14263377
United States,USA,2025-10-08,0.14263377
United States,USA,2025-10-09,0.14263377
United States,USA,2025-10-10,0.14263377
United States,USA,2025-10-11,0.14263377
United States,USA,2025-10-12,0.14263377
United States,USA,2025-10-13,0.14263377
United States,USA,2025-10-14,0.11753692
United States,USA,2025-10-15,0.11753692
United States,USA,2025-10-16,0.11753692
United States,USA,2025-10-17,0.11753692
United States,USA,2025-10-18,0.11753692
United States,USA,2025-10-19,0.11753692
United States,USA,2025-10-20,0.11753692
United States,USA,2025-10-21,0.10582505
United States,USA,2025-10-22,0.10582505
United States,USA,2025-10-23,0.10582505
United States,USA,2025-10-24,0.10582505
United States,USA,2025-10-25,0.10582505
United States,USA,2025-10-26,0.10582505
United States,USA,2025-10-27,0.10582505
United States,USA,2025-10-28,0.096204594
United States,USA,2025-10-29,0.096204594
United States,USA,2025-10-30,0.096204594
United States,USA,2025-10-31,0.096204594
United States,USA,2025-11-01,0.096204594
United States,USA,2025-11-02,0.096204594
United States,USA,2025-11-03,0.096204594
United States,USA,2025-11-04,0.07947336
United States,USA,2025-11-05,0.07947336
United States,USA,2025-11-06,0.07947336
United States,USA,2025-11-07,0.07947336
United States,USA,2025-11-08,0.07947336
United States,USA,2025-11-09,0.07947336
United States,USA,2025-11-10,0.07947336
United States,USA,2025-11-11,0.08616585
United States,USA,2025-11-12,0.08616585
United States,USA,2025-11-13,0.08616585
United States,USA,2025-11-14,0.08616585
United States,USA,2025-11-15,0.08616585
United States,USA,2025-11-16,0.08616585
United States,USA,2025-11-17,0.08616585
United States,USA,2025-11-18,0.09453147
United States,USA,2025-11-19,0.09453147
United States,USA,2025-11-20,0.09453147
United States,USA,2025-11-21,0.09453147
United States,USA,2025-11-22,0.09453147
United States,USA,2025-11-23,0.09453147
United States,USA,2025-11-24,0.09453147
United States,USA,2025-11-25,0.08365617
United States,USA,2025-11-26,0.08365617
United States,USA,2025-11-27,0.08365617
United States,USA,2025-11-28,0.08365617
United States,USA,2025-11-29,0.08365617
United States,USA,2025-11-30,0.08365617
United States,USA,2025-12-01,0.08365617
United States,USA,2025-12-02,0.08700241
United States,USA,2025-12-03,0.08700241
United States,USA,2025-12-04,0.08700241
United States,USA,2025-12-05,0.08700241
United States,USA,2025-12-06,0.08700241
United States,USA,2025-12-07,0.08700241
United States,USA,2025-12-08,0.08700241
United States,USA,2025-12-09,0.10164224
United States,USA,2025-12-10,0.10164224
United States,USA,2025-12-11,0.10164224
United States,USA,2025-12-12,0.10164224
United States,USA,2025-12-13,0.10164224
United States,USA,2025-12-14,0.10164224
United States,USA,2025-12-15,0.10164224
United States,USA,2025-12-16,0.12632081
United States,USA,2025-12-17,0.12632081
United States,USA,2025-12-18,0.12632081
United States,USA,2025-12-19,0.12632081
United States,USA,2025-12-20,0.12632081
United States,USA,2025-12-21,0.12632081
United States,USA,2025-12-22,0.12632081
United States,USA,2025-12-23,0.14096063
United States,USA,2025-12-24,0.14096063
United States,USA,2025-12-25,0.14096063
United States,USA,2025-12-26,0.14096063
United States,USA,2025-12-27,0.14096063
United States,USA,2025-12-28,0.14096063
United States,USA,2025-12-29,0.14096063
United States,USA,2025-12-30,0.17986076
United States,USA,2025-12-31,0.17986076
United States,USA,2026-01-01,0.17986076
United States,USA,2026-01-02,0.17986076
United States,USA,2026-01-03,0.17986076
United States,USA,2026-01-04,0.17986076
United States,USA,2026-01-05,0.17986076
United States,USA,2026-01-06,0.21374151
United States,USA,2026-01-07,0.21374151
United States,USA,2026-01-08,0.21374151
United States,USA,2026-01-09,0.21374151
United States,USA,2026-01-10,0.21374151
United States,USA,2026-01-11,0.21374151
United States,USA,2026-01-12,0.21374151
United States,USA,2026-01-13,0.19951996
United States,USA,2026-01-14,0.19951996
United States,USA,2026-01-15,0.19951996
United States,USA,2026-01-16,0.19951996
United States,USA,2026-01-17,0.19951996
United States,USA,2026-01-18,0.19951996
United States,USA,2026-01-19,0.19951996
United States,USA,2026-01-20,0.18069732
United States,USA,2026-01-21,0.18069732
United States,USA,2026-01-22,0.18069732
United States,USA,2026-01-23,0.18069732
United States,USA,2026-01-24,0.18069732
United States,USA,2026-01-25,0.18069732
United States,USA,2026-01-26,0.18069732
United States,USA,2026-01-27,0.17191342
United States,USA,2026-01-28,0.17191342
United States,USA,2026-01-29,0.17191342
United States,USA,2026-01-30,0.17191342
United States,USA,2026-01-31,0.17191342
United States,USA,2026-02-01,0.17191342
United States,USA,2026-02-02,0.17191342
United States,USA,2026-02-03,0.17149514
United States,USA,2026-02-04,0.17149514
United States,USA,2026-02-05,0.17149514
United States,USA,2026-02-06,0.17149514
United States,USA,2026-02-07,0.17149514
United States,USA,2026-02-08,0.17149514
United States,USA,2026-02-09,0.17149514
United States,USA,2026-02-10,0.14263377
United States,USA,2026-02-11,0.14263377
United States,USA,2026-02-12,0.14263377
United States,USA,2026-02-13,0.14263377
United States,USA,2026-02-14,0.14263377
United States,USA,2026-02-15,0.14263377
United States,USA,2026-02-16,0.14263377
United States,USA,2026-02-17,0.14639829
United States,USA,2026-02-18,0.14639829
United States,USA,2026-02-19,0.14639829
United States,USA,2026-02-20,0.14639829
United States,USA,2026-02-21,0.14639829
United States,USA,2026-02-22,0.14639829
United States,USA,2026-02-23,0.14639829
United States,USA,2026-02-24,0.12883049
United States,USA,2026-02-25,0.12883049
United States,USA,2026-02-26,0.12883049
United States,USA,2026-02-27,0.12883049
United States,USA,2026-02-28,0.12883049
United States,USA,2026-03-01,0.12883049
United States,USA,2026-03-02,0.12883049
United States,USA,2026-03-03,0.122556284
United States,USA,2026-03-04,0.122556284
United States,USA,2026-03-05,0.122556284
United States,USA,2026-03-06,0.122556284
United States,USA,2026-03-07,0.122556284
United States,USA,2026-03-08,0.122556284
United States,USA,2026-03-09,0.122556284
United States,USA,2026-03-10,0.09578631
United States,USA,2026-03-11,0.09578631
United States,USA,2026-03-12,0.09578631
United States,USA,2026-03-13,0.09578631
United States,USA,2026-03-14,0.09578631
United States,USA,2026-03-15,0.09578631
United States,USA,2026-03-16,0.09578631
United States,USA,2026-03-17,0.08365617
United States,USA,2026-03-18,0.08365617
United States,USA,2026-03-19,0.08365617
United States,USA,2026-03-20,0.08365617
United States,USA,2026-03-21,0.08365617
United States,USA,2026-03-22,0.08365617
United States,USA,2026-03-23,0.08365617
United States,USA,2026-03-24,0.076545395
United States,USA,2026-03-25,0.076545395
United States,USA,2026-03-26,0.076545395
United States,USA,2026-03-27,0.076545395
United States,USA,2026-03-28,0.076545395
United States,USA,2026-03-29,0.076545395
United States,USA,2026-03-30,0.076545395
United States,USA,2026-03-31,0.07027118
United States,USA,2026-04-01,0.07027118
United States,USA,2026-04-02,0.07027118
United States,USA,2026-04-03,0.07027118
United States,USA,2026-04-04,0.07027118
United States,USA,2026-04-05,0.07027118
United States,USA,2026-04-06,0.07027118
United States,USA,2026-04-07,0.05939588
United States,USA,2026-04-08,0.05939588
United States,USA,2026-04-09,0.05939588
United States,USA,2026-04-10,0.05939588
United States,USA,2026-04-11,0.05939588
United States,USA,2026-04-12,0.05939588
United States,USA,2026-04-13,0.05939588
United States,USA,2026-04-14,0.061487284
United States,USA,2026-04-15,0.061487284
United States,USA,2026-04-16,0.061487284
United States,USA,2026-04-17,0.061487284
United States,USA,2026-04-18,0.061487284
United States,USA,2026-04-19,0.061487284
United States,USA,2026-04-20,0.061487284
United States,USA,2026-04-21,0.046429172
United States,USA,2026-04-22,0.046429172
United States,USA,2026-04-23,0.046429172
United States,USA,2026-04-24,0.046429172
United States,USA,2026-04-25,0.046429172
United States,USA,2026-04-26,0.046429172
United States,USA,2026-04-27,0.046429172
United States,USA,2026-04-28,0.037645277
United States,USA,2026-04-29,0.037645277
United States,USA,2026-04-30,0.037645277
United States,USA,2026-05-01,0.037645277
United States,USA,2026-05-02,0.037645277
United States,USA,2026-05-03,0.037645277
United States,USA,2026-05-04,0.037645277
United States,USA,2026-05-05,0.034299027
United States,USA,2026-05-06,0.034299027
United States,USA,2026-05-07,0.034299027
United States,USA,2026-05-08,0.034299027
United States,USA,2026-05-09,0.034299027
United States,USA,2026-05-10,0.034299027
United States,USA,2026-05-11,0.034299027
United States,USA,2026-05-12,0.018822638
United States,USA,2026-05-13,0.018822638
United States,USA,2026-05-14,0.018822638
United States,USA,2026-05-15,0.018822638
United States,USA,2026-05-16,0.018822638
United States,USA,2026-05-17,0.018822638